The Treasury High Quality Market (HQM) Corporate Bond Yield Curve,,,,,,,,,,,,,,,,,,,,,,,,,,,,,,,,,,,,,,,,,,,,,,,,,,,,,,,,,,,,,,,,,,,,,,,,,,,,,,,,,,,,,,,,,The Treasury High Quality Market (HQM) Corporate Bond Yield Curve,,,,,,,,,,,
"Monthly Average Spot Rates, Percent",,,,,,,,,,,,,,,,,,,,,,,,,,,,,,,,,,,,,,,,,,,,,,,,,,,,,,,,,,,,,,,,,,,,,,,,,,,,,,,,,,,,,,,,,"Monthly Average Spot Rates, Percent",,,,,,,,,,,
These yield curves are based on data from the month listed at the top of the column.  ,,,,,,,,,,,,,,,,,,,,,,,,,,,,,,,,,,,,,,,,,,,,,,,,,,,,,,,,,,,,,,,,,,,,,,,,,,,,,,,,,,,,,,,,,These yield curves are based on data from the month listed at the top of the column.  ,,,,,,,,,,,
"For the election in section 430(h)(2)(D)(ii) to use the full yield curve, the yield curve listed under a given month is for use with respect to valuation dates in the following month.",,,,,,,,,,,,,,,,,,,,,,,,,,,,,,,,,,,,,,,,,,,,,,,,,,,,,,,,,,,,,,,,,,,,,,,,,,,,,,,,,,,,,,,,,"For the election in section 430(h)(2)(D)(ii) to use the full yield curve, the yield curve listed under a given month is for use with respect to valuation dates in the following month.",,,,,,,,,,,
See Notice 2009-45 for information concerning additional valuation dates for which a given monthly yield curve may be used.  ,,,,,,,,,,,,,,,,,,,,,,,,,,,,,,,,,,,,,,,,,,,,,,,,,,,,,,,,,,,,,,,,,,,,,,,,,,,,,,,,,,,,,,,,,See Notice 2009-45 for information concerning additional valuation dates for which a given monthly yield curve may be used.  ,,,,,,,,,,,
,,,,,,,,,,,,,,,,,,,,,,,,,,,,,,,,,,,,,,,,,,,,,,,,,,,,,,,,,,,,,,,,,,,,,,,,,,,,,,,,,,,,,,,,,,,,,,,,,,,,
,,2007,,,2008,,,,,,,,,,,,2009,,,,,,,,,,,,2010,,,,,,,,,,,,2011,,,,,,,,,,,,2012,,,,,,,,,,,,2013,,,,,,,,,,,,2014,,,,,,,,,,,,2015,,,,,,,,,,,
Maturity,,Oct,Nov,Dec,Jan,Feb,Mar,Apr,May,Jun,Jul,Aug,Sep,Oct,Nov,Dec,Jan,Feb,Mar,Apr,May,Jun,Jul,Aug,Sep,Oct,Nov,Dec,Jan,Feb,Mar,Apr,May,Jun,Jul,August,Sep,Oct,Nov,Dec,Jan,Feb,Mar,Apr,May,Jun,Jul,Aug,Sep,Oct,Nov,Dec,Jan,Feb,Mar,Apr,May,Jun,Jul,Aug,Sep,Oct,Nov,Dec,Jan,Feb,Mar,Apr,May,Jun,Jul,Aug,Sep,Oct,Nov,Dec,Jan,Feb,Mar,Apr,May,Jun,Jul,Aug,Sep,Oct,Nov,Dec,Jan,Feb,Mar,Apr,May,Jun,Jul,Aug,Sep,Oct,Nov,Dec
,,,,,,,,,,,,,,,,,,,,,,,,,,,,,,,,,,,,,,,,,,,,,,,,,,,,,,,,,,,,,,,,,,,,,,,,,,,,,,,,,,,,,,,,,,,,,,,,,,,,
0.5,,5.15,5.04,4.93,4.06,3.37,3.36,3.42,3.24,3.44,3.63,3.79,4.38,5.45,4.92,5.42,3.90,4.10,4.62,3.55,2.66,2.11,1.79,1.48,1.24,1.11,0.89,0.79,0.71,0.75,0.76,0.80,1.13,1.16,0.97,0.82,0.73,0.66,0.65,0.59,0.52,0.47,0.46,0.44,0.43,0.52,0.54,0.60,0.61,0.54,0.58,0.67,0.55,0.49,0.49,0.48,0.52,0.53,0.39,0.37,0.36,0.32,0.32,0.32,0.33,0.31,0.31,0.27,0.26,0.32,0.32,0.31,0.31,0.33,0.32,0.27,0.23,0.25,0.26,0.21,0.17,0.18,0.18,0.16,0.23,0.25,0.28,0.33,0.31,,,,,,,,,,,
1.0,,5.09,4.86,4.81,4.06,3.51,3.59,3.84,3.79,4.03,4.16,4.27,4.90,6.19,5.93,6.10,4.38,4.37,4.77,4.03,3.08,2.59,2.2,1.91,1.60,1.45,1.20,1.15,1.07,1.06,1.07,1.10,1.31,1.35,1.13,0.98,0.88,0.78,0.80,0.85,0.81,0.81,0.76,0.75,0.67,0.71,0.74,0.89,0.99,1.01,1.01,1.10,0.94,0.79,0.79,0.78,0.85,0.87,0.67,0.60,0.54,0.51,0.52,0.53,0.52,0.48,0.47,0.46,0.45,0.53,0.55,0.52,0.53,0.49,0.45,0.44,0.43,0.40,0.43,0.41,0.37,0.41,0.43,0.42,0.52,0.49,0.56,0.65,0.61,,,,,,,,,,,
1.5,,5.05,4.73,4.72,4.09,3.66,3.81,4.20,4.27,4.54,4.62,4.69,5.35,6.83,6.77,6.65,4.79,4.63,4.96,4.47,3.49,3.04,2.59,2.32,1.96,1.79,1.51,1.50,1.44,1.39,1.40,1.42,1.53,1.57,1.33,1.16,1.06,0.93,0.98,1.13,1.11,1.15,1.07,1.07,0.93,0.93,0.96,1.18,1.35,1.45,1.40,1.49,1.30,1.06,1.06,1.07,1.14,1.17,0.91,0.81,0.71,0.68,0.70,0.72,0.69,0.65,0.63,0.62,0.62,0.74,0.77,0.75,0.76,0.67,0.60,0.63,0.63,0.58,0.62,0.62,0.58,0.64,0.68,0.67,0.81,0.74,0.83,0.94,0.88,,,,,,,,,,,
2.0,,5.05,4.68,4.70,4.16,3.82,4.03,4.49,4.62,4.93,5.00,5.04,5.71,7.32,7.35,7.00,5.11,4.89,5.20,4.85,3.87,3.46,2.97,2.70,2.31,2.14,1.85,1.86,1.81,1.73,1.75,1.76,1.80,1.83,1.57,1.38,1.28,1.12,1.20,1.45,1.43,1.51,1.39,1.41,1.22,1.18,1.22,1.47,1.67,1.82,1.74,1.83,1.61,1.31,1.31,1.31,1.40,1.43,1.10,0.99,0.85,0.82,0.84,0.87,0.83,0.80,0.77,0.77,0.77,0.95,1.00,0.98,1.00,0.86,0.78,0.84,0.86,0.77,0.83,0.84,0.80,0.88,0.93,0.92,1.08,0.97,1.09,1.22,1.12,,,,,,,,,,,
2.5,,5.07,4.70,4.75,4.25,4.00,4.23,4.71,4.86,5.19,5.28,5.31,5.99,7.64,7.65,7.14,5.34,5.16,5.50,5.17,4.21,3.85,3.31,3.04,2.64,2.48,2.19,2.22,2.18,2.10,2.11,2.12,2.11,2.14,1.85,1.62,1.54,1.35,1.45,1.79,1.77,1.87,1.74,1.76,1.53,1.48,1.51,1.75,1.96,2.13,2.02,2.11,1.86,1.53,1.53,1.52,1.60,1.63,1.24,1.12,0.97,0.94,0.95,0.98,0.96,0.93,0.90,0.89,0.91,1.15,1.22,1.22,1.25,1.08,1.00,1.08,1.09,1.00,1.07,1.09,1.04,1.12,1.17,1.16,1.34,1.21,1.34,1.46,1.33,,,,,,,,,,,
3.0,,5.12,4.79,4.84,4.37,4.18,4.42,4.86,5.01,5.36,5.49,5.51,6.18,7.83,7.75,7.14,5.49,5.41,5.82,5.43,4.53,4.20,3.64,3.35,2.95,2.81,2.54,2.57,2.54,2.48,2.48,2.49,2.45,2.47,2.15,1.89,1.82,1.61,1.73,2.15,2.11,2.24,2.09,2.12,1.86,1.80,1.83,2.03,2.22,2.39,2.26,2.34,2.08,1.72,1.72,1.71,1.78,1.79,1.36,1.24,1.08,1.04,1.05,1.08,1.07,1.06,1.03,1.00,1.04,1.34,1.45,1.46,1.52,1.31,1.23,1.33,1.34,1.24,1.32,1.34,1.27,1.36,1.41,1.39,1.58,1.44,1.57,1.67,1.51,,,,,,,,,,,
3.5,,5.19,4.90,4.95,4.51,4.37,4.60,4.97,5.10,5.47,5.65,5.67,6.34,7.95,7.74,7.07,5.61,5.64,6.13,5.66,4.83,4.51,3.94,3.63,3.25,3.13,2.87,2.91,2.88,2.85,2.84,2.85,2.80,2.80,2.46,2.17,2.11,1.88,2.01,2.50,2.44,2.58,2.43,2.47,2.19,2.13,2.15,2.29,2.46,2.61,2.46,2.54,2.27,1.90,1.91,1.88,1.93,1.93,1.46,1.35,1.20,1.14,1.14,1.18,1.19,1.19,1.16,1.12,1.17,1.53,1.67,1.71,1.78,1.55,1.48,1.59,1.59,1.49,1.58,1.60,1.51,1.60,1.64,1.61,1.81,1.66,1.79,1.87,1.67,,,,,,,,,,,
4.0,,5.26,5.03,5.07,4.65,4.55,4.77,5.07,5.18,5.55,5.79,5.81,6.46,8.03,7.70,6.98,5.70,5.86,6.42,5.85,5.10,4.80,4.22,3.90,3.52,3.42,3.19,3.23,3.20,3.20,3.18,3.19,3.13,3.12,2.76,2.44,2.40,2.15,2.30,2.83,2.76,2.91,2.75,2.79,2.50,2.45,2.46,2.54,2.67,2.80,2.64,2.72,2.44,2.08,2.10,2.05,2.08,2.07,1.57,1.47,1.33,1.25,1.25,1.29,1.32,1.34,1.31,1.24,1.32,1.73,1.90,1.96,2.04,1.80,1.74,1.86,1.84,1.74,1.83,1.85,1.75,1.83,1.86,1.83,2.02,1.86,1.99,2.05,1.83,,,,,,,,,,,
4.5,,5.33,5.15,5.19,4.78,4.73,4.93,5.17,5.25,5.63,5.91,5.93,6.58,8.11,7.66,6.90,5.80,6.06,6.67,6.03,5.35,5.06,4.48,4.14,3.78,3.7,3.49,3.52,3.50,3.52,3.50,3.50,3.44,3.42,3.05,2.69,2.66,2.41,2.57,3.13,3.06,3.21,3.05,3.09,2.80,2.74,2.75,2.77,2.86,2.98,2.82,2.89,2.61,2.26,2.28,2.22,2.24,2.21,1.70,1.60,1.47,1.38,1.37,1.42,1.47,1.50,1.47,1.38,1.47,1.93,2.13,2.20,2.30,2.04,2.00,2.12,2.09,1.98,2.08,2.09,1.97,2.05,2.07,2.03,2.22,2.06,2.18,2.22,1.97,,,,,,,,,,,
5.0,,5.41,5.27,5.30,4.92,4.89,5.09,5.26,5.33,5.71,6.02,6.04,6.68,8.18,7.64,6.84,5.90,6.23,6.88,6.20,5.59,5.30,4.72,4.37,4.02,3.95,3.77,3.79,3.77,3.82,3.79,3.79,3.72,3.68,3.31,2.94,2.91,2.66,2.82,3.41,3.33,3.48,3.33,3.36,3.07,3.02,3.02,2.98,3.04,3.15,2.98,3.04,2.78,2.44,2.47,2.40,2.40,2.35,1.83,1.76,1.64,1.54,1.51,1.56,1.63,1.67,1.64,1.54,1.64,2.14,2.35,2.45,2.55,2.28,2.25,2.37,2.34,2.22,2.31,2.32,2.19,2.26,2.27,2.22,2.41,2.25,2.37,2.38,2.11,,,,,,,,,,,
5.5,,5.48,5.38,5.41,5.04,5.04,5.24,5.35,5.41,5.79,6.12,6.15,6.78,8.25,7.64,6.81,6.00,6.38,7.05,6.35,5.81,5.51,4.95,4.58,4.24,4.18,4.02,4.04,4.03,4.09,4.05,4.05,3.97,3.92,3.55,3.17,3.14,2.90,3.06,3.66,3.58,3.73,3.58,3.61,3.32,3.27,3.26,3.17,3.20,3.30,3.14,3.20,2.94,2.62,2.66,2.59,2.56,2.49,1.98,1.92,1.81,1.70,1.67,1.72,1.81,1.86,1.83,1.71,1.83,2.34,2.57,2.68,2.80,2.52,2.50,2.62,2.57,2.46,2.54,2.53,2.39,2.46,2.46,2.41,2.59,2.43,2.54,2.53,2.25,,,,,,,,,,,
6.0,,5.54,5.47,5.51,5.16,5.19,5.38,5.44,5.50,5.87,6.22,6.25,6.88,8.33,7.68,6.81,6.11,6.51,7.19,6.48,6.01,5.70,5.15,4.78,4.44,4.4,4.24,4.27,4.26,4.34,4.28,4.28,4.19,4.14,3.76,3.38,3.35,3.12,3.28,3.88,3.81,3.95,3.80,3.84,3.55,3.50,3.49,3.35,3.35,3.45,3.30,3.34,3.10,2.81,2.86,2.77,2.72,2.64,2.15,2.10,2.00,1.88,1.84,1.89,1.99,2.05,2.02,1.89,2.02,2.55,2.79,2.92,3.03,2.75,2.74,2.86,2.80,2.68,2.75,2.74,2.59,2.65,2.64,2.58,2.76,2.59,2.70,2.67,2.38,,,,,,,,,,,
6.5,,5.61,5.56,5.60,5.27,5.32,5.52,5.53,5.59,5.96,6.32,6.34,6.97,8.41,7.74,6.83,6.22,6.63,7.29,6.61,6.19,5.87,5.34,4.96,4.63,4.59,4.45,4.48,4.47,4.56,4.49,4.48,4.39,4.33,3.96,3.58,3.55,3.33,3.49,4.08,4.01,4.15,4.01,4.04,3.75,3.71,3.70,3.51,3.49,3.59,3.45,3.49,3.26,2.99,3.05,2.96,2.89,2.80,2.32,2.29,2.20,2.07,2.02,2.07,2.19,2.25,2.22,2.08,2.21,2.76,3.01,3.14,3.25,2.98,2.98,3.09,3.02,2.89,2.95,2.92,2.77,2.83,2.81,2.74,2.91,2.75,2.85,2.81,2.51,,,,,,,,,,,
7.0,,5.67,5.63,5.68,5.38,5.44,5.65,5.63,5.69,6.05,6.41,6.43,7.06,8.50,7.81,6.87,6.33,6.73,7.36,6.72,6.36,6.02,5.51,5.13,4.80,4.76,4.64,4.67,4.66,4.76,4.68,4.67,4.56,4.49,4.14,3.76,3.72,3.52,3.68,4.25,4.20,4.33,4.19,4.22,3.94,3.90,3.88,3.66,3.61,3.72,3.59,3.62,3.41,3.17,3.23,3.15,3.05,2.95,2.49,2.48,2.40,2.26,2.20,2.26,2.38,2.45,2.43,2.27,2.41,2.96,3.21,3.35,3.46,3.19,3.20,3.31,3.22,3.09,3.13,3.10,2.95,3.00,2.96,2.89,3.06,2.89,2.99,2.94,2.64,,,,,,,,,,,
7.5,,5.72,5.70,5.75,5.48,5.55,5.77,5.72,5.79,6.15,6.49,6.52,7.14,8.57,7.90,6.93,6.44,6.81,7.42,6.83,6.51,6.15,5.67,5.29,4.96,4.92,4.80,4.85,4.83,4.94,4.85,4.84,4.71,4.64,4.30,3.93,3.88,3.70,3.86,4.41,4.37,4.50,4.36,4.38,4.11,4.07,4.05,3.80,3.73,3.85,3.73,3.75,3.56,3.34,3.41,3.33,3.21,3.10,2.67,2.66,2.59,2.45,2.39,2.44,2.58,2.65,2.62,2.46,2.60,3.15,3.41,3.56,3.65,3.40,3.42,3.52,3.42,3.28,3.31,3.26,3.11,3.15,3.11,3.04,3.20,3.03,3.12,3.06,2.76,,,,,,,,,,,
8.0,,5.77,5.76,5.81,5.57,5.66,5.88,5.81,5.89,6.24,6.57,6.60,7.21,8.65,7.99,6.99,6.54,6.88,7.46,6.92,6.65,6.27,5.81,5.43,5.10,5.06,4.96,5.00,4.99,5.10,5.01,4.99,4.85,4.78,4.45,4.09,4.03,3.87,4.03,4.55,4.52,4.64,4.51,4.53,4.26,4.23,4.21,3.92,3.84,3.96,3.86,3.87,3.70,3.51,3.58,3.50,3.36,3.24,2.84,2.85,2.79,2.64,2.57,2.63,2.77,2.84,2.82,2.64,2.79,3.34,3.60,3.75,3.84,3.59,3.61,3.71,3.60,3.46,3.47,3.42,3.26,3.30,3.25,3.17,3.33,3.16,3.24,3.17,2.87,,,,,,,,,,,
8.5,,5.82,5.81,5.87,5.65,5.76,5.98,5.89,5.98,6.32,6.65,6.67,7.28,8.71,8.08,7.05,6.64,6.95,7.48,7.00,6.77,6.38,5.94,5.56,5.23,5.18,5.09,5.15,5.13,5.25,5.14,5.12,4.97,4.90,4.58,4.23,4.16,4.02,4.18,4.68,4.66,4.78,4.65,4.66,4.41,4.37,4.35,4.04,3.95,4.07,3.98,3.98,3.83,3.67,3.74,3.66,3.51,3.38,3.01,3.02,2.97,2.82,2.75,2.80,2.95,3.03,3.00,2.82,2.98,3.51,3.77,3.92,4.01,3.77,3.80,3.89,3.77,3.63,3.62,3.56,3.40,3.44,3.38,3.30,3.45,3.28,3.35,3.28,2.98,,,,,,,,,,,
9.0,,5.86,5.86,5.93,5.73,5.85,6.08,5.97,6.07,6.40,6.71,6.74,7.34,8.77,8.17,7.10,6.72,7.00,7.50,7.08,6.88,6.47,6.06,5.68,5.34,5.3,5.22,5.28,5.26,5.38,5.27,5.24,5.08,5.00,4.70,4.36,4.29,4.17,4.32,4.79,4.79,4.90,4.78,4.79,4.54,4.50,4.49,4.15,4.05,4.18,4.09,4.09,3.95,3.81,3.89,3.82,3.65,3.51,3.16,3.19,3.14,2.99,2.91,2.97,3.12,3.20,3.18,2.99,3.15,3.68,3.94,4.09,4.17,3.93,3.97,4.05,3.93,3.78,3.76,3.69,3.53,3.56,3.50,3.42,3.56,3.39,3.46,3.38,3.08,,,,,,,,,,,
9.5,,5.90,5.90,5.98,5.80,5.93,6.16,6.05,6.16,6.48,6.78,6.80,7.39,8.81,8.25,7.16,6.80,7.05,7.52,7.14,6.97,6.55,6.16,5.78,5.45,5.4,5.33,5.40,5.38,5.50,5.38,5.35,5.18,5.10,4.81,4.49,4.40,4.30,4.46,4.90,4.91,5.02,4.90,4.90,4.65,4.62,4.61,4.25,4.14,4.27,4.20,4.19,4.06,3.95,4.03,3.96,3.78,3.63,3.31,3.35,3.31,3.15,3.07,3.12,3.29,3.36,3.35,3.15,3.31,3.83,4.09,4.24,4.31,4.09,4.13,4.21,4.07,3.92,3.89,3.81,3.65,3.68,3.61,3.52,3.66,3.49,3.56,3.47,3.17,,,,,,,,,,,
10.0,,5.94,5.94,6.03,5.87,6.01,6.24,6.12,6.24,6.55,6.83,6.85,7.43,8.85,8.31,7.20,6.87,7.09,7.53,7.19,7.05,6.62,6.25,5.88,5.54,5.49,5.43,5.50,5.48,5.61,5.48,5.45,5.27,5.19,4.91,4.6,4.51,4.43,4.58,5.00,5.02,5.12,5.00,5.00,4.76,4.74,4.72,4.35,4.22,4.36,4.29,4.28,4.16,4.07,4.16,4.09,3.90,3.74,3.44,3.49,3.46,3.30,3.21,3.27,3.44,3.52,3.50,3.30,3.46,3.97,4.23,4.38,4.45,4.23,4.28,4.35,4.20,4.05,4.00,3.91,3.76,3.79,3.71,3.63,3.76,3.59,3.65,3.56,3.26,,,,,,,,,,,
10.5,,5.98,5.97,6.07,5.93,6.08,6.32,6.19,6.31,6.61,6.88,6.90,7.47,8.87,8.37,7.24,6.92,7.12,7.54,7.24,7.12,6.68,6.33,5.96,5.62,5.57,5.52,5.60,5.58,5.70,5.58,5.54,5.35,5.27,5.00,4.7,4.60,4.55,4.70,5.09,5.12,5.21,5.10,5.10,4.86,4.84,4.82,4.44,4.30,4.44,4.38,4.36,4.26,4.19,4.27,4.21,4.01,3.85,3.56,3.62,3.59,3.44,3.35,3.41,3.58,3.66,3.64,3.44,3.60,4.10,4.35,4.51,4.57,4.36,4.41,4.47,4.32,4.17,4.11,4.02,3.87,3.89,3.81,3.72,3.85,3.67,3.74,3.64,3.34,,,,,,,,,,,
11.0,,6.01,6.01,6.11,5.99,6.15,6.38,6.25,6.37,6.66,6.92,6.94,7.50,8.89,8.42,7.27,6.97,7.15,7.54,7.28,7.18,6.72,6.4,6.03,5.69,5.64,5.60,5.68,5.67,5.79,5.66,5.62,5.42,5.34,5.08,4.79,4.70,4.66,4.81,5.17,5.21,5.30,5.19,5.19,4.96,4.93,4.92,4.52,4.38,4.51,4.46,4.44,4.35,4.29,4.38,4.31,4.11,3.94,3.67,3.74,3.72,3.56,3.47,3.53,3.71,3.79,3.77,3.57,3.73,4.22,4.47,4.62,4.67,4.47,4.54,4.59,4.43,4.28,4.21,4.11,3.96,3.98,3.90,3.80,3.93,3.76,3.82,3.71,3.42,,,,,,,,,,,
11.5,,6.04,6.04,6.15,6.04,6.21,6.44,6.30,6.43,6.71,6.96,6.97,7.52,8.89,8.46,7.30,7.01,7.17,7.55,7.31,7.22,6.77,6.45,6.09,5.76,5.71,5.67,5.76,5.74,5.87,5.74,5.69,5.49,5.41,5.16,4.88,4.78,4.76,4.91,5.25,5.30,5.38,5.27,5.27,5.04,5.02,5.01,4.60,4.45,4.58,4.54,4.51,4.43,4.38,4.47,4.41,4.20,4.03,3.77,3.84,3.83,3.67,3.58,3.65,3.82,3.90,3.89,3.68,3.84,4.33,4.57,4.72,4.77,4.58,4.65,4.69,4.53,4.38,4.30,4.19,4.04,4.06,3.98,3.88,4.01,3.83,3.89,3.78,3.48,,,,,,,,,,,
12.0,,6.06,6.06,6.18,6.09,6.26,6.49,6.35,6.48,6.76,6.99,7.00,7.53,8.89,8.49,7.31,7.03,7.19,7.55,7.33,7.26,6.80,6.5,6.15,5.81,5.76,5.74,5.83,5.81,5.94,5.80,5.75,5.55,5.47,5.23,4.95,4.86,4.85,5.00,5.32,5.37,5.46,5.35,5.34,5.12,5.10,5.09,4.68,4.52,4.65,4.60,4.57,4.50,4.46,4.56,4.50,4.28,4.11,3.86,3.94,3.93,3.77,3.69,3.75,3.93,4.01,4.00,3.79,3.95,4.43,4.66,4.82,4.86,4.67,4.74,4.78,4.62,4.47,4.38,4.27,4.12,4.14,4.05,3.96,4.08,3.90,3.96,3.84,3.55,,,,,,,,,,,
12.5,,6.09,6.09,6.21,6.13,6.31,6.54,6.40,6.52,6.80,7.02,7.02,7.54,8.87,8.50,7.32,7.05,7.20,7.56,7.35,7.29,6.82,6.54,6.19,5.86,5.81,5.79,5.89,5.87,6.00,5.86,5.81,5.60,5.52,5.29,5.02,4.93,4.93,5.09,5.39,5.44,5.52,5.42,5.41,5.19,5.18,5.16,4.75,4.59,4.71,4.66,4.63,4.56,4.53,4.63,4.57,4.35,4.18,3.94,4.02,4.02,3.86,3.78,3.84,4.02,4.10,4.10,3.88,4.04,4.52,4.74,4.90,4.94,4.76,4.83,4.87,4.70,4.54,4.45,4.33,4.19,4.21,4.12,4.02,4.14,3.96,4.02,3.90,3.61,,,,,,,,,,,
13.0,,6.11,6.11,6.24,6.17,6.36,6.58,6.44,6.56,6.83,7.04,7.04,7.54,8.85,8.51,7.32,7.06,7.21,7.56,7.36,7.31,6.84,6.58,6.23,5.90,5.85,5.84,5.94,5.93,6.06,5.92,5.86,5.65,5.57,5.35,5.09,4.99,5.01,5.17,5.45,5.51,5.59,5.49,5.47,5.25,5.25,5.23,4.81,4.65,4.76,4.71,4.68,4.62,4.60,4.70,4.64,4.42,4.25,4.01,4.09,4.10,3.94,3.86,3.93,4.10,4.19,4.19,3.97,4.13,4.60,4.81,4.97,5.01,4.83,4.91,4.94,4.77,4.62,4.52,4.40,4.25,4.27,4.18,4.09,4.20,4.02,4.08,3.96,3.66,,,,,,,,,,,
13.5,,6.13,6.13,6.27,6.21,6.40,6.62,6.48,6.59,6.86,7.06,7.06,7.54,8.82,8.51,7.31,7.07,7.22,7.57,7.36,7.32,6.86,6.6,6.26,5.94,5.88,5.89,5.99,5.98,6.10,5.97,5.91,5.69,5.62,5.40,5.14,5.05,5.09,5.25,5.51,5.56,5.64,5.55,5.53,5.31,5.31,5.29,4.88,4.71,4.81,4.76,4.72,4.67,4.65,4.75,4.70,4.47,4.30,4.07,4.15,4.17,4.01,3.93,4.00,4.18,4.26,4.26,4.05,4.20,4.67,4.88,5.03,5.07,4.90,4.98,5.00,4.83,4.68,4.58,4.45,4.31,4.33,4.23,4.14,4.25,4.08,4.13,4.01,3.71,,,,,,,,,,,
14.0,,6.14,6.15,6.29,6.24,6.44,6.65,6.52,6.62,6.88,7.08,7.07,7.53,8.79,8.50,7.30,7.06,7.23,7.58,7.36,7.32,6.86,6.62,6.28,5.96,5.91,5.93,6.03,6.02,6.15,6.01,5.95,5.73,5.66,5.45,5.19,5.11,5.15,5.32,5.57,5.62,5.70,5.60,5.58,5.37,5.37,5.35,4.94,4.76,4.85,4.80,4.76,4.71,4.70,4.80,4.75,4.52,4.35,4.12,4.20,4.22,4.07,3.99,4.07,4.24,4.33,4.33,4.11,4.27,4.73,4.93,5.09,5.12,4.96,5.04,5.06,4.88,4.73,4.63,4.50,4.36,4.38,4.29,4.19,4.30,4.13,4.18,4.06,3.76,,,,,,,,,,,
14.5,,6.16,6.17,6.32,6.27,6.48,6.68,6.55,6.65,6.90,7.09,7.07,7.52,8.74,8.48,7.28,7.06,7.23,7.59,7.36,7.32,6.87,6.63,6.30,5.99,5.94,5.96,6.07,6.06,6.19,6.05,5.99,5.77,5.70,5.49,5.24,5.16,5.22,5.39,5.62,5.67,5.75,5.65,5.63,5.42,5.43,5.41,4.99,4.82,4.89,4.84,4.80,4.75,4.74,4.84,4.79,4.57,4.40,4.17,4.25,4.27,4.12,4.04,4.12,4.30,4.39,4.39,4.17,4.33,4.79,4.98,5.13,5.16,5.01,5.09,5.11,4.93,4.78,4.68,4.55,4.41,4.42,4.33,4.24,4.35,4.17,4.23,4.10,3.80,,,,,,,,,,,
15.0,,6.17,6.19,6.34,6.30,6.52,6.71,6.57,6.67,6.91,7.10,7.08,7.50,8.70,8.46,7.26,7.04,7.23,7.60,7.35,7.31,6.87,6.64,6.31,6.01,5.96,5.99,6.10,6.09,6.22,6.09,6.02,5.80,5.73,5.53,5.28,5.21,5.27,5.45,5.67,5.71,5.79,5.70,5.68,5.47,5.48,5.46,5.04,4.87,4.93,4.87,4.83,4.79,4.78,4.88,4.83,4.61,4.44,4.21,4.28,4.32,4.17,4.09,4.17,4.35,4.44,4.45,4.23,4.38,4.83,5.02,5.17,5.20,5.05,5.14,5.15,4.97,4.83,4.72,4.59,4.45,4.47,4.38,4.28,4.39,4.21,4.27,4.14,3.83,,,,,,,,,,,
15.5,,6.19,6.20,6.36,6.32,6.55,6.73,6.60,6.68,6.92,7.10,7.08,7.49,8.65,8.43,7.24,7.02,7.23,7.61,7.34,7.30,6.86,6.65,6.32,6.02,5.97,6.01,6.13,6.12,6.25,6.12,6.05,5.83,5.77,5.57,5.32,5.26,5.33,5.51,5.71,5.75,5.84,5.74,5.72,5.51,5.52,5.50,5.09,4.91,4.96,4.90,4.86,4.82,4.81,4.91,4.86,4.64,4.48,4.24,4.31,4.35,4.21,4.13,4.22,4.39,4.48,4.50,4.27,4.43,4.88,5.06,5.21,5.24,5.09,5.18,5.19,5.00,4.87,4.76,4.62,4.48,4.51,4.41,4.32,4.43,4.25,4.31,4.18,3.87,,,,,,,,,,,
16.0,,6.20,6.22,6.37,6.35,6.58,6.75,6.62,6.69,6.93,7.11,7.08,7.47,8.60,8.40,7.21,7.00,7.23,7.62,7.33,7.29,6.86,6.65,6.32,6.03,5.99,6.04,6.15,6.14,6.28,6.15,6.08,5.85,5.80,5.60,5.36,5.30,5.38,5.56,5.75,5.79,5.87,5.78,5.76,5.55,5.57,5.55,5.14,4.96,5.00,4.93,4.89,4.84,4.83,4.93,4.89,4.67,4.51,4.26,4.34,4.38,4.24,4.17,4.26,4.43,4.52,4.54,4.32,4.47,4.92,5.09,5.24,5.27,5.12,5.22,5.22,5.03,4.90,4.80,4.66,4.52,4.54,4.45,4.36,4.46,4.29,4.35,4.21,3.90,,,,,,,,,,,
16.5,,6.21,6.23,6.39,6.37,6.60,6.77,6.64,6.70,6.94,7.11,7.07,7.44,8.54,8.37,7.18,6.98,7.22,7.62,7.32,7.27,6.85,6.65,6.33,6.04,6,6.05,6.18,6.17,6.30,6.18,6.10,5.88,5.82,5.63,5.39,5.34,5.42,5.61,5.80,5.83,5.91,5.82,5.80,5.59,5.61,5.59,5.19,5.00,5.02,4.95,4.91,4.87,4.85,4.96,4.91,4.70,4.54,4.28,4.36,4.41,4.27,4.20,4.29,4.46,4.56,4.58,4.35,4.51,4.95,5.11,5.27,5.30,5.15,5.25,5.25,5.06,4.93,4.83,4.69,4.55,4.57,4.48,4.40,4.50,4.32,4.38,4.24,3.93,,,,,,,,,,,
17.0,,6.22,6.25,6.41,6.39,6.63,6.78,6.66,6.71,6.94,7.11,7.07,7.42,8.49,8.33,7.14,6.95,7.22,7.63,7.30,7.26,6.84,6.65,6.33,6.05,6.01,6.07,6.19,6.19,6.32,6.20,6.12,5.90,5.85,5.65,5.42,5.38,5.47,5.66,5.83,5.86,5.95,5.85,5.84,5.62,5.65,5.63,5.23,5.04,5.05,4.97,4.93,4.89,4.87,4.97,4.93,4.72,4.56,4.30,4.38,4.43,4.29,4.23,4.32,4.49,4.59,4.61,4.39,4.54,4.98,5.14,5.29,5.32,5.18,5.27,5.27,5.08,4.96,4.86,4.71,4.58,4.60,4.51,4.43,4.53,4.35,4.41,4.27,3.96,,,,,,,,,,,
17.5,,6.23,6.26,6.42,6.41,6.65,6.79,6.68,6.72,6.95,7.11,7.06,7.40,8.43,8.29,7.11,6.93,7.21,7.64,7.29,7.24,6.83,6.64,6.33,6.06,6.01,6.09,6.21,6.20,6.34,6.22,6.14,5.92,5.87,5.68,5.44,5.41,5.51,5.71,5.87,5.89,5.98,5.89,5.87,5.65,5.69,5.66,5.27,5.08,5.08,4.99,4.95,4.91,4.89,4.99,4.95,4.74,4.58,4.32,4.39,4.45,4.31,4.25,4.35,4.52,4.62,4.64,4.42,4.57,5.01,5.16,5.31,5.34,5.20,5.30,5.29,5.10,4.98,4.88,4.74,4.60,4.63,4.54,4.46,4.55,4.38,4.44,4.30,3.98,,,,,,,,,,,
18.0,,6.24,6.27,6.44,6.42,6.67,6.81,6.70,6.72,6.95,7.11,7.06,7.37,8.38,8.25,7.07,6.90,7.21,7.65,7.27,7.22,6.82,6.64,6.32,6.06,6.02,6.10,6.23,6.22,6.36,6.24,6.16,5.94,5.90,5.70,5.47,5.45,5.55,5.75,5.90,5.92,6.01,5.92,5.90,5.68,5.72,5.69,5.31,5.12,5.10,5.00,4.97,4.92,4.90,5.00,4.96,4.76,4.60,4.33,4.40,4.46,4.33,4.27,4.38,4.54,4.64,4.67,4.45,4.59,5.03,5.18,5.33,5.36,5.22,5.32,5.31,5.12,5.01,4.91,4.76,4.62,4.66,4.57,4.48,4.58,4.41,4.47,4.33,4.00,,,,,,,,,,,
18.5,,6.24,6.28,6.45,6.44,6.69,6.82,6.71,6.73,6.95,7.10,7.05,7.35,8.32,8.21,7.04,6.87,7.20,7.66,7.26,7.20,6.81,6.63,6.32,6.06,6.02,6.11,6.24,6.23,6.37,6.26,6.18,5.96,5.92,5.73,5.49,5.48,5.58,5.79,5.94,5.95,6.04,5.95,5.93,5.71,5.75,5.73,5.35,5.16,5.12,5.02,4.98,4.94,4.91,5.02,4.97,4.78,4.62,4.34,4.41,4.48,4.34,4.29,4.40,4.56,4.66,4.70,4.47,4.62,5.06,5.19,5.34,5.37,5.24,5.34,5.33,5.14,5.03,4.93,4.78,4.65,4.68,4.59,4.51,4.61,4.43,4.50,4.35,4.02,,,,,,,,,,,
19.0,,6.25,6.29,6.46,6.45,6.71,6.83,6.72,6.73,6.95,7.10,7.05,7.33,8.27,8.17,7.01,6.84,7.20,7.67,7.24,7.17,6.79,6.62,6.31,6.06,6.03,6.12,6.25,6.25,6.39,6.28,6.20,5.97,5.94,5.75,5.51,5.51,5.62,5.83,5.97,5.97,6.06,5.97,5.96,5.74,5.78,5.76,5.38,5.19,5.14,5.03,5.00,4.95,4.92,5.03,4.98,4.79,4.64,4.35,4.42,4.49,4.36,4.31,4.42,4.58,4.68,4.72,4.49,4.64,5.08,5.21,5.35,5.39,5.25,5.36,5.34,5.15,5.05,4.95,4.80,4.67,4.70,4.61,4.53,4.63,4.46,4.52,4.38,4.04,,,,,,,,,,,
19.5,,6.26,6.30,6.48,6.47,6.73,6.83,6.74,6.73,6.95,7.10,7.04,7.30,8.22,8.13,6.97,6.81,7.19,7.68,7.22,7.15,6.78,6.61,6.31,6.06,6.03,6.13,6.26,6.26,6.40,6.29,6.21,5.99,5.96,5.77,5.53,5.53,5.65,5.86,6.00,6.00,6.09,6.00,5.98,5.76,5.81,5.78,5.42,5.22,5.16,5.04,5.01,4.97,4.93,5.03,4.99,4.81,4.65,4.36,4.42,4.50,4.37,4.33,4.44,4.59,4.70,4.74,4.51,4.66,5.10,5.22,5.37,5.40,5.27,5.38,5.36,5.17,5.06,4.97,4.82,4.68,4.72,4.64,4.56,4.65,4.48,4.54,4.40,4.06,,,,,,,,,,,
20.0,,6.26,6.31,6.49,6.48,6.75,6.84,6.75,6.73,6.95,7.09,7.03,7.28,8.16,8.09,6.94,6.79,7.19,7.69,7.21,7.13,6.77,6.61,6.30,6.06,6.03,6.14,6.27,6.27,6.41,6.31,6.22,6.00,5.97,5.78,5.55,5.56,5.68,5.90,6.03,6.02,6.11,6.02,6.01,5.79,5.84,5.81,5.45,5.25,5.18,5.05,5.02,4.98,4.94,5.04,5.00,4.82,4.67,4.37,4.43,4.51,4.38,4.34,4.46,4.61,4.72,4.76,4.53,4.68,5.11,5.23,5.38,5.41,5.28,5.39,5.37,5.18,5.08,4.99,4.84,4.70,4.74,4.66,4.58,4.67,4.50,4.57,4.42,4.08,,,,,,,,,,,
20.5,,6.27,6.32,6.50,6.49,6.76,6.85,6.76,6.74,6.95,7.09,7.02,7.26,8.11,8.05,6.90,6.76,7.18,7.70,7.19,7.11,6.76,6.6,6.30,6.06,6.03,6.15,6.28,6.28,6.42,6.32,6.24,6.02,5.99,5.80,5.57,5.59,5.71,5.93,6.05,6.04,6.14,6.05,6.03,5.81,5.86,5.84,5.48,5.28,5.19,5.06,5.03,4.99,4.94,5.05,5.00,4.83,4.68,4.37,4.43,4.51,4.39,4.35,4.47,4.62,4.73,4.78,4.55,4.70,5.13,5.24,5.39,5.42,5.29,5.40,5.38,5.19,5.09,5.00,4.86,4.72,4.76,4.67,4.60,4.69,4.52,4.59,4.44,4.10,,,,,,,,,,,
21.0,,6.28,6.33,6.51,6.51,6.78,6.86,6.77,6.74,6.95,7.09,7.02,7.23,8.06,8.02,6.87,6.73,7.17,7.71,7.17,7.09,6.74,6.59,6.29,6.06,6.03,6.15,6.29,6.29,6.43,6.34,6.25,6.03,6.01,5.82,5.58,5.61,5.73,5.96,6.08,6.06,6.16,6.07,6.05,5.83,5.89,5.86,5.51,5.31,5.21,5.07,5.04,5.00,4.95,5.05,5.01,4.84,4.69,4.38,4.43,4.52,4.40,4.36,4.49,4.64,4.75,4.79,4.57,4.71,5.14,5.25,5.40,5.43,5.30,5.42,5.39,5.20,5.11,5.02,4.87,4.73,4.78,4.69,4.62,4.71,4.54,4.61,4.46,4.11,,,,,,,,,,,
21.5,,6.28,6.33,6.52,6.52,6.79,6.86,6.78,6.74,6.95,7.08,7.01,7.21,8.02,7.98,6.84,6.71,7.17,7.72,7.16,7.07,6.73,6.58,6.28,6.06,6.03,6.16,6.30,6.30,6.44,6.35,6.26,6.04,6.02,5.83,5.6,5.63,5.76,5.99,6.10,6.08,6.18,6.09,6.07,5.85,5.91,5.88,5.54,5.34,5.23,5.08,5.05,5.01,4.95,5.06,5.02,4.85,4.71,4.38,4.43,4.53,4.41,4.38,4.50,4.65,4.76,4.81,4.58,4.73,5.16,5.26,5.40,5.44,5.31,5.43,5.40,5.21,5.12,5.03,4.88,4.75,4.79,4.71,4.63,4.73,4.56,4.63,4.48,4.13,,,,,,,,,,,
22.0,,6.29,6.34,6.53,6.53,6.81,6.87,6.79,6.74,6.95,7.08,7.00,7.19,7.97,7.95,6.81,6.68,7.16,7.73,7.14,7.05,6.72,6.57,6.28,6.06,6.03,6.17,6.31,6.31,6.45,6.36,6.27,6.05,6.04,5.85,5.61,5.66,5.78,6.02,6.13,6.10,6.20,6.11,6.09,5.87,5.94,5.90,5.56,5.36,5.24,5.09,5.06,5.02,4.96,5.06,5.02,4.86,4.72,4.39,4.44,4.53,4.41,4.39,4.51,4.66,4.77,4.83,4.60,4.74,5.17,5.27,5.41,5.45,5.32,5.44,5.41,5.22,5.13,5.05,4.90,4.76,4.81,4.73,4.65,4.75,4.57,4.65,4.49,4.14,,,,,,,,,,,
22.5,,6.29,6.35,6.54,6.54,6.82,6.87,6.80,6.74,6.95,7.08,7.00,7.17,7.93,7.91,6.78,6.66,7.16,7.73,7.13,7.03,6.71,6.56,6.27,6.06,6.03,6.17,6.31,6.31,6.46,6.37,6.28,6.06,6.05,5.86,5.63,5.68,5.81,6.05,6.15,6.11,6.22,6.13,6.11,5.89,5.96,5.93,5.59,5.39,5.25,5.10,5.07,5.02,4.96,5.07,5.03,4.87,4.73,4.39,4.44,4.54,4.42,4.40,4.53,4.67,4.78,4.84,4.61,4.75,5.18,5.27,5.42,5.46,5.33,5.45,5.42,5.23,5.14,5.06,4.91,4.77,4.82,4.74,4.67,4.76,4.59,4.66,4.51,4.16,,,,,,,,,,,
23.0,,6.30,6.36,6.54,6.55,6.83,6.88,6.81,6.74,6.94,7.07,6.99,7.15,7.89,7.88,6.76,6.64,7.15,7.74,7.11,7.01,6.70,6.56,6.27,6.06,6.03,6.18,6.32,6.32,6.47,6.38,6.29,6.07,6.06,5.87,5.64,5.70,5.83,6.08,6.17,6.13,6.24,6.15,6.13,5.91,5.98,5.95,5.61,5.41,5.27,5.11,5.08,5.03,4.97,5.07,5.03,4.88,4.74,4.39,4.44,4.54,4.43,4.40,4.54,4.68,4.80,4.85,4.63,4.77,5.20,5.28,5.42,5.46,5.34,5.46,5.43,5.23,5.15,5.07,4.92,4.79,4.84,4.76,4.68,4.78,4.61,4.68,4.52,4.17,,,,,,,,,,,
23.5,,6.30,6.36,6.55,6.56,6.85,6.89,6.81,6.74,6.94,7.07,6.98,7.14,7.85,7.85,6.73,6.61,7.15,7.75,7.10,7.00,6.69,6.55,6.26,6.06,6.03,6.18,6.33,6.33,6.48,6.39,6.30,6.08,6.07,5.89,5.65,5.71,5.85,6.10,6.19,6.15,6.25,6.17,6.15,5.92,6.00,5.96,5.64,5.44,5.28,5.12,5.09,5.04,4.97,5.08,5.04,4.88,4.75,4.40,4.44,4.55,4.43,4.41,4.55,4.69,4.81,4.87,4.64,4.78,5.21,5.29,5.43,5.47,5.35,5.47,5.43,5.24,5.16,5.09,4.94,4.80,4.85,4.77,4.70,4.79,4.62,4.70,4.54,4.18,,,,,,,,,,,
24.0,,6.30,6.37,6.56,6.57,6.86,6.89,6.82,6.74,6.94,7.07,6.98,7.12,7.81,7.82,6.70,6.59,7.14,7.75,7.09,6.98,6.68,6.54,6.25,6.06,6.03,6.19,6.33,6.34,6.49,6.40,6.31,6.09,6.09,5.90,5.66,5.73,5.87,6.13,6.21,6.16,6.27,6.18,6.17,5.94,6.02,5.98,5.66,5.46,5.29,5.12,5.10,5.05,4.98,5.08,5.04,4.89,4.76,4.40,4.44,4.55,4.44,4.42,4.56,4.70,4.82,4.88,4.65,4.79,5.22,5.30,5.44,5.48,5.36,5.48,5.44,5.25,5.17,5.10,4.95,4.81,4.86,4.78,4.71,4.81,4.64,4.71,4.55,4.20,,,,,,,,,,,
24.5,,6.31,6.38,6.57,6.57,6.87,6.90,6.83,6.74,6.94,7.06,6.97,7.10,7.77,7.79,6.68,6.57,7.14,7.76,7.08,6.97,6.67,6.54,6.25,6.06,6.03,6.19,6.34,6.34,6.50,6.41,6.32,6.10,6.10,5.91,5.68,5.75,5.89,6.15,6.23,6.18,6.28,6.20,6.18,5.95,6.03,6.00,5.68,5.48,5.30,5.13,5.11,5.05,4.98,5.09,5.04,4.90,4.77,4.40,4.45,4.56,4.45,4.43,4.57,4.71,4.83,4.89,4.66,4.80,5.23,5.30,5.44,5.48,5.37,5.49,5.45,5.26,5.18,5.11,4.96,4.82,4.88,4.80,4.73,4.82,4.65,4.72,4.57,4.21,,,,,,,,,,,
25.0,,6.31,6.38,6.58,6.58,6.88,6.90,6.84,6.74,6.94,7.06,6.97,7.09,7.74,7.77,6.66,6.56,7.13,7.77,7.07,6.95,6.66,6.53,6.25,6.06,6.04,6.20,6.34,6.35,6.50,6.42,6.32,6.11,6.11,5.92,5.69,5.77,5.91,6.17,6.25,6.19,6.30,6.21,6.20,5.97,6.05,6.02,5.70,5.50,5.32,5.14,5.11,5.06,4.98,5.09,5.05,4.91,4.78,4.41,4.45,4.56,4.45,4.44,4.58,4.72,4.84,4.90,4.68,4.81,5.24,5.31,5.45,5.49,5.37,5.50,5.46,5.26,5.19,5.12,4.97,4.83,4.89,4.81,4.74,4.83,4.66,4.74,4.58,4.22,,,,,,,,,,,
25.5,,6.32,6.39,6.58,6.59,6.89,6.90,6.84,6.74,6.94,7.06,6.96,7.07,7.71,7.74,6.64,6.54,7.13,7.77,7.05,6.94,6.65,6.52,6.24,6.06,6.04,6.20,6.35,6.36,6.51,6.43,6.33,6.12,6.12,5.93,5.7,5.78,5.93,6.19,6.26,6.20,6.31,6.23,6.21,5.98,6.07,6.03,5.72,5.52,5.33,5.14,5.12,5.07,4.99,5.09,5.05,4.91,4.78,4.41,4.45,4.57,4.46,4.45,4.59,4.73,4.85,4.91,4.69,4.82,5.25,5.32,5.46,5.50,5.38,5.50,5.46,5.27,5.20,5.13,4.98,4.84,4.90,4.82,4.75,4.84,4.68,4.75,4.59,4.23,,,,,,,,,,,
26.0,,6.32,6.39,6.59,6.60,6.90,6.91,6.85,6.74,6.94,7.06,6.96,7.06,7.68,7.72,6.62,6.52,7.13,7.78,7.04,6.92,6.64,6.52,6.24,6.06,6.04,6.21,6.36,6.36,6.52,6.44,6.34,6.13,6.13,5.94,5.71,5.80,5.95,6.21,6.28,6.22,6.33,6.24,6.23,6.00,6.08,6.05,5.74,5.54,5.34,5.15,5.13,5.07,4.99,5.10,5.06,4.92,4.79,4.42,4.45,4.57,4.46,4.46,4.60,4.73,4.86,4.93,4.70,4.83,5.26,5.32,5.46,5.50,5.39,5.51,5.47,5.28,5.21,5.14,4.99,4.85,4.91,4.83,4.77,4.86,4.69,4.77,4.61,4.24,,,,,,,,,,,
26.5,,6.32,6.40,6.60,6.61,6.91,6.91,6.86,6.74,6.94,7.05,6.95,7.04,7.65,7.70,6.60,6.51,7.12,7.78,7.04,6.91,6.63,6.51,6.23,6.06,6.04,6.21,6.36,6.37,6.52,6.45,6.35,6.14,6.14,5.95,5.72,5.81,5.97,6.23,6.30,6.23,6.34,6.26,6.24,6.01,6.10,6.06,5.76,5.55,5.35,5.16,5.14,5.08,5.00,5.10,5.06,4.93,4.80,4.42,4.45,4.58,4.47,4.46,4.61,4.74,4.87,4.94,4.71,4.84,5.27,5.33,5.47,5.51,5.40,5.52,5.48,5.29,5.22,5.15,5.00,4.86,4.92,4.85,4.78,4.87,4.70,4.78,4.62,4.25,,,,,,,,,,,
27.0,,6.33,6.40,6.60,6.61,6.92,6.92,6.86,6.74,6.94,7.05,6.95,7.03,7.62,7.68,6.58,6.49,7.12,7.79,7.03,6.90,6.63,6.51,6.23,6.06,6.04,6.22,6.37,6.37,6.53,6.46,6.36,6.15,6.15,5.96,5.73,5.83,5.98,6.25,6.31,6.24,6.36,6.27,6.25,6.02,6.11,6.08,5.78,5.57,5.36,5.16,5.14,5.09,5.00,5.11,5.07,4.93,4.81,4.42,4.46,4.58,4.48,4.47,4.62,4.75,4.88,4.95,4.72,4.86,5.28,5.34,5.48,5.52,5.41,5.53,5.49,5.29,5.23,5.16,5.01,4.87,4.93,4.86,4.79,4.88,4.71,4.79,4.63,4.26,,,,,,,,,,,
27.5,,6.33,6.41,6.61,6.62,6.93,6.92,6.87,6.75,6.94,7.05,6.95,7.02,7.59,7.66,6.56,6.48,7.12,7.79,7.02,6.89,6.62,6.51,6.23,6.06,6.04,6.22,6.37,6.38,6.54,6.47,6.36,6.15,6.16,5.97,5.74,5.84,6.00,6.27,6.33,6.25,6.37,6.28,6.27,6.04,6.13,6.09,5.79,5.59,5.37,5.17,5.15,5.09,5.01,5.11,5.07,4.94,4.82,4.43,4.46,4.59,4.48,4.48,4.63,4.76,4.89,4.96,4.73,4.87,5.29,5.34,5.48,5.52,5.41,5.54,5.49,5.30,5.24,5.17,5.02,4.88,4.94,4.87,4.80,4.89,4.72,4.80,4.64,4.27,,,,,,,,,,,
28.0,,6.33,6.41,6.61,6.63,6.94,6.93,6.88,6.75,6.94,7.05,6.94,7.01,7.57,7.64,6.55,6.47,7.11,7.80,7.01,6.88,6.62,6.5,6.23,6.06,6.04,6.23,6.38,6.39,6.54,6.47,6.37,6.16,6.17,5.98,5.75,5.86,6.02,6.29,6.34,6.27,6.38,6.30,6.28,6.05,6.14,6.11,5.81,5.60,5.38,5.18,5.16,5.10,5.01,5.12,5.08,4.95,4.82,4.43,4.46,4.59,4.49,4.49,4.64,4.77,4.89,4.97,4.74,4.88,5.30,5.35,5.49,5.53,5.42,5.55,5.50,5.31,5.25,5.18,5.03,4.89,4.95,4.88,4.81,4.90,4.73,4.81,4.65,4.28,,,,,,,,,,,
28.5,,6.34,6.42,6.62,6.63,6.95,6.93,6.88,6.75,6.94,7.05,6.94,7.00,7.54,7.62,6.53,6.45,7.11,7.80,7.00,6.87,6.61,6.5,6.23,6.06,6.04,6.23,6.38,6.39,6.55,6.48,6.38,6.17,6.18,5.99,5.76,5.87,6.03,6.30,6.35,6.28,6.39,6.31,6.29,6.06,6.16,6.12,5.82,5.62,5.38,5.18,5.16,5.11,5.02,5.12,5.08,4.96,4.83,4.44,4.47,4.60,4.50,4.50,4.65,4.78,4.90,4.98,4.75,4.89,5.31,5.35,5.49,5.54,5.43,5.55,5.51,5.31,5.26,5.19,5.04,4.90,4.96,4.89,4.82,4.91,4.74,4.82,4.66,4.29,,,,,,,,,,,
29.0,,6.34,6.42,6.62,6.64,6.96,6.94,6.89,6.75,6.94,7.05,6.94,6.99,7.52,7.61,6.52,6.44,7.11,7.81,7.00,6.86,6.61,6.5,6.22,6.06,6.05,6.24,6.39,6.40,6.56,6.49,6.38,6.18,6.19,6.00,5.77,5.88,6.04,6.32,6.37,6.29,6.40,6.32,6.30,6.07,6.17,6.13,5.84,5.63,5.39,5.19,5.17,5.11,5.02,5.13,5.08,4.96,4.84,4.44,4.47,4.60,4.50,4.50,4.66,4.79,4.91,4.99,4.76,4.89,5.32,5.36,5.50,5.54,5.43,5.56,5.51,5.32,5.26,5.20,5.04,4.91,4.97,4.90,4.83,4.92,4.75,4.83,4.67,4.30,,,,,,,,,,,
29.5,,6.34,6.42,6.63,6.65,6.96,6.94,6.89,6.75,6.94,7.05,6.94,6.98,7.50,7.59,6.51,6.43,7.11,7.81,6.99,6.86,6.60,6.49,6.22,6.06,6.05,6.24,6.39,6.40,6.56,6.50,6.39,6.18,6.19,6.01,5.78,5.89,6.06,6.34,6.38,6.30,6.42,6.33,6.31,6.08,6.18,6.14,5.85,5.64,5.40,5.19,5.17,5.12,5.02,5.13,5.09,4.97,4.85,4.45,4.47,4.61,4.51,4.51,4.67,4.79,4.92,5.00,4.77,4.90,5.33,5.37,5.51,5.55,5.44,5.57,5.52,5.32,5.27,5.21,5.05,4.92,4.98,4.91,4.84,4.93,4.76,4.85,4.68,4.31,,,,,,,,,,,
30.0,,6.34,6.43,6.63,6.65,6.97,6.94,6.90,6.75,6.94,7.05,6.93,6.97,7.48,7.58,6.49,6.42,7.10,7.81,6.98,6.85,6.60,6.49,6.22,6.06,6.05,6.25,6.40,6.41,6.57,6.50,6.40,6.19,6.20,6.02,5.78,5.91,6.07,6.35,6.39,6.31,6.43,6.34,6.33,6.09,6.19,6.16,5.87,5.66,5.41,5.20,5.18,5.12,5.03,5.13,5.09,4.97,4.85,4.45,4.48,4.61,4.51,4.52,4.68,4.80,4.93,5.01,4.78,4.91,5.34,5.37,5.51,5.55,5.45,5.58,5.53,5.33,5.28,5.22,5.06,4.92,4.99,4.92,4.85,4.94,4.77,4.85,4.69,4.31,,,,,,,,,,,
30.5,,6.35,6.43,6.64,6.66,6.98,6.95,6.90,6.75,6.94,7.04,6.93,6.96,7.46,7.56,6.48,6.41,7.10,7.82,6.98,6.84,6.59,6.49,6.22,6.06,6.05,6.25,6.40,6.41,6.57,6.51,6.40,6.19,6.21,6.03,5.79,5.92,6.09,6.37,6.40,6.32,6.44,6.35,6.34,6.10,6.21,6.17,5.88,5.67,5.42,5.21,5.19,5.13,5.03,5.14,5.10,4.98,4.86,4.45,4.48,4.62,4.52,4.53,4.68,4.81,4.94,5.02,4.79,4.92,5.34,5.38,5.52,5.56,5.45,5.58,5.53,5.34,5.29,5.22,5.07,4.93,5.00,4.93,4.86,4.95,4.78,4.86,4.70,4.32,,,,,,,,,,,
31.0,,6.35,6.44,6.64,6.66,6.99,6.95,6.91,6.76,6.94,7.04,6.93,6.95,7.44,7.55,6.47,6.40,7.10,7.82,6.97,6.83,6.59,6.49,6.22,6.06,6.05,6.25,6.41,6.42,6.58,6.52,6.41,6.20,6.22,6.03,5.8,5.93,6.10,6.38,6.42,6.33,6.45,6.36,6.35,6.11,6.22,6.18,5.89,5.68,5.43,5.21,5.19,5.13,5.04,5.14,5.10,4.99,4.87,4.46,4.48,4.62,4.53,4.53,4.69,4.82,4.95,5.03,4.80,4.93,5.35,5.38,5.52,5.57,5.46,5.59,5.54,5.34,5.29,5.23,5.08,4.94,5.01,4.93,4.87,4.96,4.79,4.87,4.71,4.33,,,,,,,,,,,
31.5,,6.35,6.44,6.65,6.67,6.99,6.96,6.92,6.76,6.94,7.04,6.93,6.95,7.42,7.54,6.46,6.39,7.10,7.82,6.97,6.83,6.58,6.48,6.22,6.06,6.05,6.26,6.41,6.42,6.59,6.52,6.41,6.21,6.22,6.04,5.81,5.94,6.11,6.39,6.43,6.34,6.46,6.37,6.36,6.12,6.23,6.19,5.91,5.70,5.43,5.22,5.20,5.14,5.04,5.15,5.11,4.99,4.87,4.46,4.49,4.63,4.53,4.54,4.70,4.82,4.95,5.04,4.81,4.94,5.36,5.39,5.53,5.57,5.47,5.60,5.54,5.35,5.30,5.24,5.08,4.95,5.02,4.94,4.88,4.97,4.80,4.88,4.72,4.34,,,,,,,,,,,
32.0,,6.36,6.44,6.65,6.67,7.00,6.96,6.92,6.76,6.94,7.04,6.92,6.94,7.40,7.52,6.45,6.38,7.10,7.83,6.96,6.82,6.58,6.48,6.21,6.06,6.05,6.26,6.42,6.43,6.59,6.53,6.42,6.21,6.23,6.05,5.82,5.95,6.12,6.41,6.44,6.35,6.47,6.38,6.37,6.13,6.24,6.20,5.92,5.71,5.44,5.22,5.20,5.14,5.04,5.15,5.11,5.00,4.88,4.46,4.49,4.63,4.54,4.54,4.71,4.83,4.96,5.04,4.82,4.95,5.37,5.39,5.53,5.58,5.47,5.60,5.55,5.35,5.31,5.25,5.09,4.95,5.02,4.95,4.89,4.98,4.81,4.89,4.72,4.34,,,,,,,,,,,
32.5,,6.36,6.45,6.66,6.68,7.01,6.96,6.92,6.76,6.94,7.04,6.92,6.93,7.39,7.51,6.43,6.37,7.09,7.83,6.96,6.81,6.58,6.48,6.21,6.07,6.06,6.27,6.42,6.43,6.60,6.54,6.42,6.22,6.24,6.06,5.82,5.96,6.13,6.42,6.45,6.35,6.47,6.39,6.38,6.14,6.25,6.21,5.93,5.72,5.45,5.23,5.21,5.15,5.05,5.15,5.11,5.00,4.89,4.47,4.49,4.63,4.54,4.55,4.71,4.84,4.97,5.05,4.82,4.95,5.37,5.40,5.54,5.58,5.48,5.61,5.55,5.36,5.31,5.25,5.10,4.96,5.03,4.96,4.90,4.98,4.82,4.90,4.73,4.35,,,,,,,,,,,
33.0,,6.36,6.45,6.66,6.68,7.01,6.97,6.93,6.76,6.94,7.04,6.92,6.92,7.37,7.50,6.42,6.36,7.09,7.83,6.95,6.81,6.57,6.48,6.21,6.07,6.06,6.27,6.43,6.44,6.60,6.54,6.43,6.22,6.24,6.06,5.83,5.97,6.14,6.43,6.46,6.36,6.48,6.40,6.38,6.15,6.26,6.22,5.94,5.73,5.45,5.23,5.21,5.15,5.05,5.16,5.12,5.01,4.89,4.47,4.49,4.64,4.55,4.56,4.72,4.84,4.97,5.06,4.83,4.96,5.38,5.40,5.54,5.59,5.48,5.62,5.56,5.36,5.32,5.26,5.10,4.97,5.04,4.97,4.91,4.99,4.83,4.91,4.74,4.36,,,,,,,,,,,
33.5,,6.36,6.45,6.67,6.69,7.02,6.97,6.93,6.76,6.94,7.04,6.92,6.92,7.35,7.49,6.41,6.36,7.09,7.84,6.95,6.80,6.57,6.47,6.21,6.07,6.06,6.27,6.43,6.44,6.60,6.55,6.44,6.23,6.25,6.07,5.84,5.98,6.16,6.45,6.47,6.37,6.49,6.41,6.39,6.16,6.27,6.23,5.95,5.74,5.46,5.23,5.22,5.16,5.05,5.16,5.12,5.01,4.90,4.47,4.50,4.64,4.55,4.56,4.73,4.85,4.98,5.07,4.84,4.97,5.39,5.41,5.55,5.59,5.49,5.62,5.56,5.37,5.33,5.27,5.11,4.97,5.05,4.97,4.91,5.00,4.83,4.92,4.75,4.36,,,,,,,,,,,
34.0,,6.36,6.46,6.67,6.69,7.02,6.97,6.94,6.76,6.94,7.04,6.92,6.91,7.34,7.47,6.40,6.35,7.09,7.84,6.94,6.79,6.56,6.47,6.21,6.07,6.06,6.28,6.43,6.45,6.61,6.55,6.44,6.23,6.26,6.08,5.84,5.99,6.17,6.46,6.48,6.38,6.50,6.42,6.40,6.17,6.28,6.24,5.96,5.75,5.47,5.24,5.22,5.16,5.06,5.17,5.13,5.02,4.90,4.48,4.50,4.65,4.55,4.57,4.74,4.85,4.99,5.07,4.85,4.98,5.39,5.41,5.55,5.60,5.49,5.63,5.57,5.37,5.33,5.27,5.12,4.98,5.05,4.98,4.92,5.01,4.84,4.92,4.75,4.37,,,,,,,,,,,
34.5,,6.37,6.46,6.67,6.70,7.03,6.97,6.94,6.76,6.95,7.04,6.91,6.90,7.32,7.46,6.39,6.34,7.09,7.84,6.94,6.79,6.56,6.47,6.21,6.07,6.06,6.28,6.44,6.45,6.61,6.56,6.45,6.24,6.26,6.08,5.85,6.00,6.18,6.47,6.49,6.39,6.51,6.43,6.41,6.18,6.29,6.25,5.97,5.76,5.47,5.24,5.23,5.17,5.06,5.17,5.13,5.02,4.91,4.48,4.50,4.65,4.56,4.57,4.74,4.86,4.99,5.08,4.85,4.98,5.40,5.42,5.56,5.60,5.50,5.63,5.57,5.38,5.34,5.28,5.12,4.99,5.06,4.99,4.93,5.01,4.85,4.93,4.76,4.38,,,,,,,,,,,
35.0,,6.37,6.46,6.68,6.70,7.04,6.98,6.95,6.77,6.95,7.04,6.91,6.90,7.31,7.45,6.38,6.33,7.09,7.84,6.93,6.78,6.56,6.47,6.21,6.07,6.06,6.28,6.44,6.46,6.62,6.56,6.45,6.24,6.27,6.09,5.86,6.00,6.19,6.48,6.50,6.39,6.52,6.44,6.42,6.18,6.30,6.26,5.99,5.77,5.48,5.25,5.23,5.17,5.06,5.17,5.13,5.03,4.91,4.48,4.50,4.65,4.56,4.58,4.75,4.87,5.00,5.09,4.86,4.99,5.41,5.42,5.56,5.60,5.50,5.64,5.58,5.38,5.34,5.29,5.13,4.99,5.07,4.99,4.94,5.02,4.85,4.94,4.77,4.38,,,,,,,,,,,
35.5,,6.37,6.47,6.68,6.71,7.04,6.98,6.95,6.77,6.95,7.04,6.91,6.89,7.29,7.44,6.37,6.32,7.08,7.85,6.93,6.78,6.55,6.47,6.21,6.07,6.06,6.29,6.44,6.46,6.62,6.57,6.45,6.25,6.27,6.09,5.86,6.01,6.20,6.49,6.50,6.40,6.52,6.44,6.43,6.19,6.30,6.27,6.00,5.78,5.48,5.25,5.23,5.18,5.07,5.17,5.13,5.03,4.92,4.49,4.51,4.66,4.57,4.58,4.75,4.87,5.01,5.10,4.87,5.00,5.41,5.43,5.56,5.61,5.51,5.64,5.58,5.39,5.35,5.29,5.13,5.00,5.07,5.00,4.94,5.03,4.86,4.95,4.78,4.39,,,,,,,,,,,
36.0,,6.37,6.47,6.68,6.71,7.05,6.98,6.95,6.77,6.95,7.04,6.91,6.88,7.28,7.43,6.37,6.32,7.08,7.85,6.92,6.77,6.55,6.47,6.21,6.07,6.06,6.29,6.45,6.46,6.63,6.57,6.46,6.25,6.28,6.10,5.87,6.02,6.21,6.50,6.51,6.41,6.53,6.45,6.43,6.20,6.31,6.27,6.00,5.79,5.49,5.25,5.24,5.18,5.07,5.18,5.14,5.04,4.92,4.49,4.51,4.66,4.57,4.59,4.76,4.88,5.01,5.10,4.87,5.00,5.42,5.43,5.57,5.61,5.51,5.65,5.59,5.39,5.35,5.30,5.14,5.00,5.08,5.01,4.95,5.03,4.87,4.95,4.78,4.39,,,,,,,,,,,
36.5,,6.38,6.47,6.69,6.71,7.05,6.99,6.96,6.77,6.95,7.04,6.91,6.88,7.26,7.42,6.36,6.31,7.08,7.85,6.92,6.76,6.55,6.46,6.20,6.07,6.06,6.29,6.45,6.47,6.63,6.58,6.46,6.26,6.29,6.10,5.87,6.03,6.21,6.51,6.52,6.41,6.54,6.46,6.44,6.21,6.32,6.28,6.01,5.80,5.50,5.26,5.24,5.18,5.07,5.18,5.14,5.04,4.93,4.49,4.51,4.66,4.58,4.59,4.77,4.88,5.02,5.11,4.88,5.01,5.42,5.44,5.57,5.62,5.52,5.65,5.59,5.40,5.36,5.30,5.14,5.01,5.09,5.01,4.96,5.04,4.87,4.96,4.79,4.40,,,,,,,,,,,
37.0,,6.38,6.47,6.69,6.72,7.06,6.99,6.96,6.77,6.95,7.04,6.91,6.87,7.25,7.41,6.35,6.30,7.08,7.85,6.91,6.76,6.54,6.46,6.20,6.07,6.07,6.29,6.46,6.47,6.63,6.58,6.47,6.26,6.29,6.11,5.88,6.04,6.22,6.52,6.53,6.42,6.55,6.47,6.45,6.21,6.33,6.29,6.02,5.81,5.50,5.26,5.25,5.19,5.08,5.18,5.14,5.04,4.93,4.50,4.51,4.67,4.58,4.60,4.77,4.89,5.02,5.11,4.89,5.01,5.43,5.44,5.58,5.62,5.52,5.66,5.60,5.40,5.36,5.31,5.15,5.02,5.09,5.02,4.96,5.05,4.88,4.97,4.79,4.40,,,,,,,,,,,
37.5,,6.38,6.48,6.69,6.72,7.06,6.99,6.96,6.77,6.95,7.04,6.90,6.87,7.24,7.40,6.34,6.30,7.08,7.86,6.91,6.75,6.54,6.46,6.20,6.07,6.07,6.30,6.46,6.47,6.64,6.59,6.47,6.27,6.30,6.12,5.89,6.04,6.23,6.53,6.54,6.43,6.55,6.47,6.46,6.22,6.34,6.30,6.03,5.82,5.51,5.27,5.25,5.19,5.08,5.19,5.15,5.05,4.94,4.50,4.52,4.67,4.58,4.60,4.78,4.89,5.03,5.12,4.89,5.02,5.44,5.44,5.58,5.62,5.53,5.66,5.60,5.40,5.37,5.32,5.16,5.02,5.10,5.02,4.97,5.05,4.89,4.97,4.80,4.41,,,,,,,,,,,
38.0,,6.38,6.48,6.70,6.73,7.07,6.99,6.97,6.77,6.95,7.04,6.90,6.86,7.22,7.39,6.33,6.29,7.08,7.86,6.91,6.75,6.54,6.46,6.20,6.07,6.07,6.30,6.46,6.48,6.64,6.59,6.48,6.27,6.30,6.12,5.89,6.05,6.24,6.54,6.54,6.43,6.56,6.48,6.46,6.23,6.34,6.30,6.04,5.83,5.51,5.27,5.25,5.19,5.08,5.19,5.15,5.05,4.94,4.50,4.52,4.67,4.59,4.61,4.78,4.90,5.03,5.13,4.90,5.02,5.44,5.45,5.58,5.63,5.53,5.67,5.60,5.41,5.37,5.32,5.16,5.03,5.10,5.03,4.97,5.06,4.89,4.98,4.81,4.41,,,,,,,,,,,
38.5,,6.38,6.48,6.70,6.73,7.07,7.00,6.97,6.77,6.95,7.03,6.90,6.85,7.21,7.38,6.32,6.28,7.08,7.86,6.90,6.74,6.54,6.46,6.20,6.07,6.07,6.30,6.46,6.48,6.65,6.60,6.48,6.27,6.31,6.13,5.9,6.06,6.25,6.55,6.55,6.44,6.57,6.49,6.47,6.23,6.35,6.31,6.05,5.83,5.52,5.27,5.26,5.20,5.08,5.19,5.15,5.05,4.94,4.50,4.52,4.68,4.59,4.61,4.79,4.90,5.04,5.13,4.90,5.03,5.45,5.45,5.59,5.63,5.54,5.67,5.61,5.41,5.38,5.33,5.16,5.03,5.11,5.04,4.98,5.06,4.90,4.98,4.81,4.42,,,,,,,,,,,
39.0,,6.38,6.48,6.70,6.73,7.08,7.00,6.97,6.77,6.95,7.03,6.90,6.85,7.20,7.37,6.32,6.28,7.08,7.86,6.90,6.74,6.53,6.46,6.20,6.07,6.07,6.30,6.47,6.48,6.65,6.60,6.48,6.28,6.31,6.13,5.9,6.07,6.26,6.56,6.56,6.45,6.57,6.49,6.48,6.24,6.36,6.32,6.06,5.84,5.52,5.28,5.26,5.20,5.09,5.19,5.16,5.06,4.95,4.51,4.52,4.68,4.59,4.62,4.79,4.91,5.04,5.14,4.91,5.04,5.45,5.45,5.59,5.64,5.54,5.68,5.61,5.42,5.38,5.33,5.17,5.04,5.11,5.04,4.99,5.07,4.90,4.99,4.82,4.42,,,,,,,,,,,
39.5,,6.39,6.49,6.71,6.74,7.08,7.00,6.98,6.77,6.95,7.03,6.90,6.84,7.19,7.37,6.31,6.27,7.07,7.87,6.90,6.74,6.53,6.45,6.20,6.07,6.07,6.31,6.47,6.49,6.65,6.60,6.49,6.28,6.31,6.14,5.91,6.07,6.26,6.57,6.57,6.45,6.58,6.50,6.48,6.25,6.37,6.33,6.07,5.85,5.53,5.28,5.26,5.20,5.09,5.20,5.16,5.06,4.95,4.51,4.52,4.68,4.60,4.62,4.80,4.91,5.05,5.14,4.91,5.04,5.46,5.46,5.59,5.64,5.54,5.68,5.62,5.42,5.39,5.34,5.17,5.04,5.12,5.05,4.99,5.07,4.91,5.00,4.82,4.43,,,,,,,,,,,
40.0,,6.39,6.49,6.71,6.74,7.09,7.00,6.98,6.77,6.95,7.03,6.90,6.84,7.18,7.36,6.30,6.27,7.07,7.87,6.89,6.73,6.53,6.45,6.20,6.07,6.07,6.31,6.47,6.49,6.66,6.61,6.49,6.29,6.32,6.14,5.91,6.08,6.27,6.58,6.57,6.46,6.58,6.50,6.49,6.25,6.37,6.33,6.07,5.86,5.53,5.28,5.27,5.21,5.09,5.20,5.16,5.07,4.96,4.51,4.53,4.68,4.60,4.63,4.80,4.91,5.05,5.15,4.92,5.05,5.46,5.46,5.60,5.64,5.55,5.69,5.62,5.42,5.39,5.34,5.18,5.04,5.12,5.05,5.00,5.08,4.91,5.00,4.83,4.43,,,,,,,,,,,
40.5,,6.39,6.49,6.71,6.74,7.09,7.01,6.98,6.78,6.95,7.03,6.90,6.83,7.17,7.35,6.29,6.26,7.07,7.87,6.89,6.73,6.53,6.45,6.20,6.08,6.07,6.31,6.48,6.49,6.66,6.61,6.49,6.29,6.32,6.14,5.91,6.09,6.28,6.59,6.58,6.46,6.59,6.51,6.49,6.26,6.38,6.34,6.08,5.86,5.53,5.29,5.27,5.21,5.09,5.20,5.16,5.07,4.96,4.51,4.53,4.69,4.60,4.63,4.81,4.92,5.06,5.15,4.93,5.05,5.47,5.46,5.60,5.65,5.55,5.69,5.62,5.43,5.40,5.34,5.18,5.05,5.13,5.06,5.00,5.08,4.92,5.01,4.83,4.44,,,,,,,,,,,
41.0,,6.39,6.49,6.72,6.75,7.09,7.01,6.99,6.78,6.95,7.03,6.89,6.83,7.15,7.34,6.29,6.25,7.07,7.87,6.89,6.72,6.52,6.45,6.20,6.08,6.07,6.31,6.48,6.50,6.66,6.62,6.50,6.29,6.33,6.15,5.92,6.09,6.29,6.59,6.59,6.47,6.60,6.52,6.50,6.26,6.39,6.34,6.09,5.87,5.54,5.29,5.27,5.21,5.10,5.20,5.16,5.07,4.96,4.51,4.53,4.69,4.61,4.63,4.81,4.92,5.06,5.16,4.93,5.06,5.47,5.47,5.60,5.65,5.55,5.69,5.63,5.43,5.40,5.35,5.19,5.05,5.13,5.06,5.01,5.09,4.92,5.01,4.84,4.44,,,,,,,,,,,
41.5,,6.39,6.50,6.72,6.75,7.10,7.01,6.99,6.78,6.95,7.03,6.89,6.82,7.14,7.33,6.28,6.25,7.07,7.87,6.88,6.72,6.52,6.45,6.20,6.08,6.07,6.32,6.48,6.50,6.67,6.62,6.50,6.30,6.33,6.15,5.92,6.10,6.29,6.60,6.59,6.47,6.60,6.52,6.51,6.27,6.39,6.35,6.10,5.88,5.54,5.29,5.28,5.22,5.10,5.21,5.17,5.08,4.97,4.52,4.53,4.69,4.61,4.64,4.82,4.93,5.07,5.16,4.93,5.06,5.47,5.47,5.60,5.65,5.56,5.70,5.63,5.43,5.40,5.35,5.19,5.06,5.14,5.07,5.01,5.09,4.93,5.02,4.84,4.45,,,,,,,,,,,
42.0,,6.39,6.50,6.72,6.75,7.10,7.01,6.99,6.78,6.95,7.03,6.89,6.82,7.13,7.33,6.27,6.24,7.07,7.88,6.88,6.71,6.52,6.45,6.19,6.08,6.07,6.32,6.48,6.50,6.67,6.62,6.50,6.30,6.34,6.16,5.93,6.10,6.30,6.61,6.60,6.48,6.61,6.53,6.51,6.27,6.40,6.36,6.10,5.89,5.55,5.29,5.28,5.22,5.10,5.21,5.17,5.08,4.97,4.52,4.53,4.70,4.61,4.64,4.82,4.93,5.07,5.17,4.94,5.06,5.48,5.47,5.61,5.65,5.56,5.70,5.63,5.44,5.41,5.36,5.20,5.06,5.14,5.07,5.02,5.10,4.93,5.02,4.85,4.45,,,,,,,,,,,
42.5,,6.39,6.50,6.72,6.75,7.11,7.01,7.00,6.78,6.95,7.03,6.89,6.82,7.12,7.32,6.27,6.24,7.07,7.88,6.88,6.71,6.52,6.45,6.19,6.08,6.08,6.32,6.49,6.50,6.67,6.63,6.51,6.30,6.34,6.16,5.93,6.11,6.31,6.62,6.61,6.48,6.61,6.53,6.52,6.28,6.40,6.36,6.11,5.89,5.55,5.30,5.28,5.22,5.10,5.21,5.17,5.08,4.97,4.52,4.53,4.70,4.62,4.64,4.82,4.93,5.07,5.17,4.94,5.07,5.48,5.48,5.61,5.66,5.57,5.71,5.64,5.44,5.41,5.36,5.20,5.07,5.15,5.08,5.02,5.10,4.94,5.03,4.85,4.45,,,,,,,,,,,
43.0,,6.40,6.50,6.73,6.76,7.11,7.02,7.00,6.78,6.95,7.03,6.89,6.81,7.11,7.31,6.26,6.23,7.07,7.88,6.87,6.71,6.51,6.44,6.19,6.08,6.08,6.32,6.49,6.51,6.67,6.63,6.51,6.31,6.34,6.17,5.94,6.12,6.31,6.62,6.61,6.49,6.62,6.54,6.52,6.28,6.41,6.37,6.12,5.90,5.56,5.30,5.29,5.23,5.10,5.21,5.17,5.08,4.98,4.52,4.54,4.70,4.62,4.65,4.83,4.94,5.08,5.18,4.95,5.07,5.49,5.48,5.61,5.66,5.57,5.71,5.64,5.44,5.42,5.37,5.20,5.07,5.15,5.08,5.03,5.11,4.94,5.03,4.86,4.46,,,,,,,,,,,
43.5,,6.40,6.50,6.73,6.76,7.11,7.02,7.00,6.78,6.95,7.03,6.89,6.81,7.10,7.30,6.26,6.23,7.07,7.88,6.87,6.70,6.51,6.44,6.19,6.08,6.08,6.33,6.49,6.51,6.68,6.63,6.51,6.31,6.35,6.17,5.94,6.12,6.32,6.63,6.62,6.49,6.62,6.54,6.53,6.29,6.42,6.37,6.12,5.90,5.56,5.30,5.29,5.23,5.11,5.21,5.18,5.09,4.98,4.53,4.54,4.70,4.62,4.65,4.83,4.94,5.08,5.18,4.95,5.08,5.49,5.48,5.62,5.66,5.57,5.71,5.64,5.44,5.42,5.37,5.21,5.07,5.16,5.08,5.03,5.11,4.95,5.04,4.86,4.46,,,,,,,,,,,
44.0,,6.40,6.51,6.73,6.76,7.12,7.02,7.00,6.78,6.95,7.03,6.89,6.80,7.09,7.30,6.25,6.22,7.06,7.88,6.87,6.70,6.51,6.44,6.19,6.08,6.08,6.33,6.49,6.51,6.68,6.64,6.52,6.31,6.35,6.17,5.94,6.13,6.33,6.64,6.62,6.50,6.63,6.55,6.53,6.29,6.42,6.38,6.13,5.91,5.56,5.30,5.29,5.23,5.11,5.22,5.18,5.09,4.98,4.53,4.54,4.70,4.62,4.65,4.84,4.94,5.09,5.19,4.96,5.08,5.50,5.48,5.62,5.67,5.57,5.72,5.65,5.45,5.42,5.37,5.21,5.08,5.16,5.09,5.04,5.12,4.95,5.04,4.87,4.47,,,,,,,,,,,
44.5,,6.40,6.51,6.73,6.77,7.12,7.02,7.01,6.78,6.95,7.03,6.89,6.80,7.09,7.29,6.24,6.22,7.06,7.88,6.86,6.70,6.51,6.44,6.19,6.08,6.08,6.33,6.50,6.51,6.68,6.64,6.52,6.32,6.35,6.18,5.95,6.13,6.33,6.65,6.63,6.50,6.63,6.55,6.54,6.30,6.43,6.38,6.14,5.92,5.57,5.31,5.29,5.23,5.11,5.22,5.18,5.09,4.99,4.53,4.54,4.71,4.63,4.66,4.84,4.95,5.09,5.19,4.96,5.09,5.50,5.49,5.62,5.67,5.58,5.72,5.65,5.45,5.43,5.38,5.21,5.08,5.16,5.09,5.04,5.12,4.96,5.05,4.87,4.47,,,,,,,,,,,
45.0,,6.40,6.51,6.73,6.77,7.12,7.02,7.01,6.78,6.95,7.03,6.89,6.79,7.08,7.28,6.24,6.21,7.06,7.89,6.86,6.69,6.51,6.44,6.19,6.08,6.08,6.33,6.50,6.52,6.68,6.64,6.52,6.32,6.36,6.18,5.95,6.14,6.34,6.65,6.63,6.51,6.64,6.56,6.54,6.30,6.43,6.39,6.14,5.92,5.57,5.31,5.30,5.24,5.11,5.22,5.18,5.10,4.99,4.53,4.54,4.71,4.63,4.66,4.84,4.95,5.09,5.20,4.97,5.09,5.50,5.49,5.62,5.67,5.58,5.72,5.65,5.45,5.43,5.38,5.22,5.08,5.17,5.10,5.04,5.13,4.96,5.05,4.87,4.47,,,,,,,,,,,
45.5,,6.40,6.51,6.74,6.77,7.13,7.02,7.01,6.78,6.95,7.03,6.88,6.79,7.07,7.28,6.23,6.21,7.06,7.89,6.86,6.69,6.50,6.44,6.19,6.08,6.08,6.33,6.50,6.52,6.69,6.65,6.52,6.32,6.36,6.18,5.96,6.14,6.34,6.66,6.64,6.51,6.64,6.56,6.55,6.31,6.44,6.40,6.15,5.93,5.57,5.31,5.30,5.24,5.11,5.22,5.18,5.10,4.99,4.53,4.54,4.71,4.63,4.66,4.85,4.96,5.10,5.20,4.97,5.09,5.51,5.49,5.63,5.67,5.58,5.73,5.65,5.46,5.43,5.38,5.22,5.09,5.17,5.10,5.05,5.13,4.97,5.05,4.88,4.48,,,,,,,,,,,
46.0,,6.40,6.51,6.74,6.77,7.13,7.03,7.01,6.78,6.95,7.03,6.88,6.79,7.06,7.27,6.23,6.20,7.06,7.89,6.86,6.69,6.50,6.44,6.19,6.08,6.08,6.33,6.50,6.52,6.69,6.65,6.53,6.32,6.37,6.19,5.96,6.15,6.35,6.67,6.64,6.52,6.65,6.57,6.55,6.31,6.44,6.40,6.15,5.93,5.58,5.31,5.30,5.24,5.12,5.22,5.19,5.10,5.00,4.53,4.54,4.71,4.63,4.67,4.85,4.96,5.10,5.20,4.97,5.10,5.51,5.49,5.63,5.68,5.59,5.73,5.66,5.46,5.44,5.39,5.23,5.09,5.18,5.11,5.05,5.13,4.97,5.06,4.88,4.48,,,,,,,,,,,
46.5,,6.41,6.51,6.74,6.78,7.13,7.03,7.01,6.78,6.95,7.03,6.88,6.78,7.05,7.26,6.22,6.20,7.06,7.89,6.85,6.68,6.50,6.44,6.19,6.08,6.08,6.34,6.50,6.52,6.69,6.65,6.53,6.33,6.37,6.19,5.96,6.15,6.36,6.67,6.65,6.52,6.65,6.57,6.56,6.32,6.45,6.41,6.16,5.94,5.58,5.32,5.30,5.24,5.12,5.23,5.19,5.10,5.00,4.54,4.55,4.72,4.64,4.67,4.85,4.96,5.10,5.21,4.98,5.10,5.51,5.50,5.63,5.68,5.59,5.73,5.66,5.46,5.44,5.39,5.23,5.09,5.18,5.11,5.06,5.14,4.97,5.06,4.89,4.48,,,,,,,,,,,
47.0,,6.41,6.52,6.74,6.78,7.14,7.03,7.02,6.78,6.95,7.03,6.88,6.78,7.04,7.26,6.22,6.20,7.06,7.89,6.85,6.68,6.50,6.44,6.19,6.08,6.08,6.34,6.51,6.53,6.69,6.65,6.53,6.33,6.37,6.19,5.97,6.16,6.36,6.68,6.65,6.52,6.66,6.58,6.56,6.32,6.45,6.41,6.17,5.95,5.58,5.32,5.31,5.25,5.12,5.23,5.19,5.11,5.00,4.54,4.55,4.72,4.64,4.67,4.86,4.96,5.11,5.21,4.98,5.11,5.52,5.50,5.63,5.68,5.59,5.74,5.66,5.46,5.44,5.39,5.23,5.10,5.18,5.11,5.06,5.14,4.98,5.07,4.89,4.49,,,,,,,,,,,
47.5,,6.41,6.52,6.75,6.78,7.14,7.03,7.02,6.78,6.95,7.03,6.88,6.78,7.03,7.25,6.21,6.19,7.06,7.89,6.85,6.68,6.50,6.43,6.19,6.08,6.08,6.34,6.51,6.53,6.70,6.66,6.53,6.33,6.37,6.20,5.97,6.16,6.37,6.68,6.66,6.53,6.66,6.58,6.56,6.33,6.46,6.41,6.17,5.95,5.59,5.32,5.31,5.25,5.12,5.23,5.19,5.11,5.01,4.54,4.55,4.72,4.64,4.68,4.86,4.97,5.11,5.22,4.99,5.11,5.52,5.50,5.64,5.68,5.59,5.74,5.66,5.47,5.45,5.40,5.23,5.10,5.19,5.12,5.06,5.15,4.98,5.07,4.89,4.49,,,,,,,,,,,
48.0,,6.41,6.52,6.75,6.78,7.14,7.03,7.02,6.79,6.95,7.03,6.88,6.77,7.03,7.25,6.21,6.19,7.06,7.89,6.85,6.67,6.49,6.43,6.19,6.08,6.08,6.34,6.51,6.53,6.70,6.66,6.54,6.34,6.38,6.20,5.97,6.17,6.37,6.69,6.66,6.53,6.66,6.59,6.57,6.33,6.46,6.42,6.18,5.96,5.59,5.32,5.31,5.25,5.12,5.23,5.19,5.11,5.01,4.54,4.55,4.72,4.64,4.68,4.86,4.97,5.11,5.22,4.99,5.11,5.52,5.50,5.64,5.69,5.60,5.74,5.67,5.47,5.45,5.40,5.24,5.10,5.19,5.12,5.07,5.15,4.98,5.07,4.90,4.49,,,,,,,,,,,
48.5,,6.41,6.52,6.75,6.79,7.15,7.03,7.02,6.79,6.95,7.03,6.88,6.77,7.02,7.24,6.20,6.18,7.06,7.90,6.84,6.67,6.49,6.43,6.19,6.08,6.08,6.34,6.51,6.53,6.70,6.66,6.54,6.34,6.38,6.20,5.98,6.17,6.38,6.70,6.67,6.54,6.67,6.59,6.57,6.33,6.47,6.42,6.18,5.96,5.59,5.33,5.31,5.25,5.12,5.23,5.19,5.11,5.01,4.54,4.55,4.72,4.65,4.68,4.87,4.97,5.12,5.22,4.99,5.12,5.53,5.51,5.64,5.69,5.60,5.74,5.67,5.47,5.45,5.40,5.24,5.11,5.19,5.12,5.07,5.15,4.99,5.08,4.90,4.50,,,,,,,,,,,
49.0,,6.41,6.52,6.75,6.79,7.15,7.04,7.03,6.79,6.95,7.03,6.88,6.77,7.01,7.24,6.20,6.18,7.06,7.90,6.84,6.67,6.49,6.43,6.19,6.08,6.08,6.35,6.51,6.53,6.70,6.66,6.54,6.34,6.38,6.21,5.98,6.17,6.38,6.70,6.67,6.54,6.67,6.59,6.58,6.34,6.47,6.43,6.19,5.97,5.60,5.33,5.32,5.25,5.13,5.23,5.20,5.12,5.01,4.54,4.55,4.73,4.65,4.68,4.87,4.98,5.12,5.23,5.00,5.12,5.53,5.51,5.64,5.69,5.60,5.75,5.67,5.47,5.45,5.41,5.24,5.11,5.20,5.13,5.08,5.16,4.99,5.08,4.90,4.50,,,,,,,,,,,
49.5,,6.41,6.52,6.75,6.79,7.15,7.04,7.03,6.79,6.95,7.03,6.88,6.76,7.00,7.23,6.19,6.18,7.06,7.90,6.84,6.66,6.49,6.43,6.19,6.08,6.08,6.35,6.52,6.54,6.71,6.67,6.54,6.34,6.39,6.21,5.98,6.18,6.39,6.71,6.68,6.54,6.68,6.60,6.58,6.34,6.48,6.43,6.19,5.97,5.60,5.33,5.32,5.26,5.13,5.24,5.20,5.12,5.02,4.55,4.55,4.73,4.65,4.69,4.87,4.98,5.12,5.23,5.00,5.12,5.53,5.51,5.64,5.69,5.60,5.75,5.67,5.47,5.46,5.41,5.25,5.11,5.20,5.13,5.08,5.16,5.00,5.09,4.91,4.50,,,,,,,,,,,
50.0,,6.41,6.52,6.75,6.79,7.15,7.04,7.03,6.79,6.95,7.03,6.88,6.76,7.00,7.23,6.19,6.17,7.05,7.90,6.84,6.66,6.49,6.43,6.18,6.08,6.09,6.35,6.52,6.54,6.71,6.67,6.55,6.34,6.39,6.21,5.99,6.18,6.39,6.71,6.68,6.55,6.68,6.60,6.58,6.35,6.48,6.44,6.20,5.98,5.60,5.33,5.32,5.26,5.13,5.24,5.20,5.12,5.02,4.55,4.55,4.73,4.65,4.69,4.88,4.98,5.13,5.23,5.00,5.13,5.54,5.51,5.65,5.69,5.61,5.75,5.68,5.48,5.46,5.41,5.25,5.12,5.20,5.13,5.08,5.16,5.00,5.09,4.91,4.51,,,,,,,,,,,
50.5,,6.41,6.53,6.76,6.79,7.16,7.04,7.03,6.79,6.95,7.03,6.88,6.76,6.99,7.22,6.18,6.17,7.05,7.90,6.83,6.66,6.49,6.43,6.18,6.08,6.09,6.35,6.52,6.54,6.71,6.67,6.55,6.35,6.39,6.22,5.99,6.19,6.40,6.72,6.69,6.55,6.68,6.61,6.59,6.35,6.49,6.44,6.20,5.98,5.61,5.33,5.32,5.26,5.13,5.24,5.20,5.12,5.02,4.55,4.56,4.73,4.65,4.69,4.88,4.98,5.13,5.24,5.01,5.13,5.54,5.52,5.65,5.70,5.61,5.75,5.68,5.48,5.46,5.42,5.25,5.12,5.21,5.14,5.09,5.17,5.00,5.09,4.91,4.51,,,,,,,,,,,
51.0,,6.41,6.53,6.76,6.80,7.16,7.04,7.03,6.79,6.95,7.02,6.87,6.75,6.98,7.21,6.18,6.16,7.05,7.90,6.83,6.66,6.48,6.43,6.18,6.08,6.09,6.35,6.52,6.54,6.71,6.67,6.55,6.35,6.40,6.22,5.99,6.19,6.40,6.72,6.69,6.55,6.69,6.61,6.59,6.35,6.49,6.45,6.21,5.99,5.61,5.34,5.32,5.26,5.13,5.24,5.20,5.12,5.02,4.55,4.56,4.73,4.66,4.69,4.88,4.99,5.13,5.24,5.01,5.13,5.54,5.52,5.65,5.70,5.61,5.76,5.68,5.48,5.47,5.42,5.26,5.12,5.21,5.14,5.09,5.17,5.01,5.10,4.92,4.51,,,,,,,,,,,
51.5,,6.42,6.53,6.76,6.80,7.16,7.04,7.04,6.79,6.95,7.02,6.87,6.75,6.97,7.21,6.17,6.16,7.05,7.90,6.83,6.65,6.48,6.43,6.18,6.08,6.09,6.35,6.52,6.54,6.71,6.68,6.55,6.35,6.40,6.22,5.99,6.20,6.41,6.73,6.70,6.56,6.69,6.61,6.60,6.36,6.49,6.45,6.21,5.99,5.61,5.34,5.33,5.26,5.13,5.24,5.20,5.13,5.03,4.55,4.56,4.73,4.66,4.70,4.89,4.99,5.14,5.24,5.01,5.13,5.55,5.52,5.65,5.70,5.61,5.76,5.68,5.48,5.47,5.42,5.26,5.12,5.21,5.14,5.09,5.17,5.01,5.10,4.92,4.51,,,,,,,,,,,
52.0,,6.42,6.53,6.76,6.80,7.16,7.04,7.04,6.79,6.95,7.02,6.87,6.75,6.97,7.20,6.17,6.16,7.05,7.90,6.83,6.65,6.48,6.43,6.18,6.08,6.09,6.35,6.52,6.55,6.72,6.68,6.55,6.35,6.40,6.22,6,6.20,6.41,6.73,6.70,6.56,6.69,6.62,6.60,6.36,6.50,6.45,6.22,5.99,5.61,5.34,5.33,5.27,5.13,5.24,5.21,5.13,5.03,4.55,4.56,4.74,4.66,4.70,4.89,4.99,5.14,5.25,5.02,5.14,5.55,5.52,5.65,5.70,5.62,5.76,5.68,5.49,5.47,5.43,5.26,5.13,5.21,5.15,5.10,5.18,5.01,5.10,4.92,4.52,,,,,,,,,,,
52.5,,6.42,6.53,6.76,6.80,7.17,7.05,7.04,6.79,6.95,7.02,6.87,6.74,6.96,7.20,6.16,6.15,7.05,7.91,6.83,6.65,6.48,6.43,6.18,6.08,6.09,6.36,6.53,6.55,6.72,6.68,6.56,6.36,6.40,6.23,6,6.20,6.42,6.74,6.70,6.56,6.70,6.62,6.60,6.36,6.50,6.46,6.22,6.00,5.62,5.34,5.33,5.27,5.14,5.25,5.21,5.13,5.03,4.55,4.56,4.74,4.66,4.70,4.89,5.00,5.14,5.25,5.02,5.14,5.55,5.52,5.66,5.70,5.62,5.76,5.69,5.49,5.47,5.43,5.26,5.13,5.22,5.15,5.10,5.18,5.01,5.11,4.93,4.52,,,,,,,,,,,
53.0,,6.42,6.53,6.76,6.80,7.17,7.05,7.04,6.79,6.95,7.02,6.87,6.74,6.95,7.20,6.16,6.15,7.05,7.91,6.82,6.65,6.48,6.42,6.18,6.08,6.09,6.36,6.53,6.55,6.72,6.68,6.56,6.36,6.41,6.23,6,6.21,6.42,6.74,6.71,6.57,6.70,6.62,6.61,6.37,6.51,6.46,6.23,6.00,5.62,5.34,5.33,5.27,5.14,5.25,5.21,5.13,5.03,4.56,4.56,4.74,4.66,4.70,4.89,5.00,5.14,5.25,5.02,5.14,5.55,5.53,5.66,5.71,5.62,5.77,5.69,5.49,5.48,5.43,5.27,5.13,5.22,5.15,5.10,5.18,5.02,5.11,4.93,4.52,,,,,,,,,,,
53.5,,6.42,6.53,6.77,6.81,7.17,7.05,7.04,6.79,6.95,7.02,6.87,6.74,6.95,7.19,6.16,6.15,7.05,7.91,6.82,6.64,6.48,6.42,6.18,6.09,6.09,6.36,6.53,6.55,6.72,6.69,6.56,6.36,6.41,6.23,6.01,6.21,6.42,6.75,6.71,6.57,6.71,6.63,6.61,6.37,6.51,6.46,6.23,6.01,5.62,5.34,5.33,5.27,5.14,5.25,5.21,5.13,5.04,4.56,4.56,4.74,4.67,4.71,4.90,5.00,5.15,5.26,5.02,5.15,5.56,5.53,5.66,5.71,5.62,5.77,5.69,5.49,5.48,5.43,5.27,5.13,5.22,5.15,5.11,5.18,5.02,5.11,4.93,4.52,,,,,,,,,,,
54.0,,6.42,6.54,6.77,6.81,7.17,7.05,7.04,6.79,6.95,7.02,6.87,6.74,6.94,7.19,6.15,6.14,7.05,7.91,6.82,6.64,6.48,6.42,6.18,6.09,6.09,6.36,6.53,6.55,6.72,6.69,6.56,6.36,6.41,6.24,6.01,6.21,6.43,6.75,6.72,6.57,6.71,6.63,6.61,6.37,6.51,6.47,6.23,6.01,5.62,5.35,5.33,5.27,5.14,5.25,5.21,5.14,5.04,4.56,4.56,4.74,4.67,4.71,4.90,5.00,5.15,5.26,5.03,5.15,5.56,5.53,5.66,5.71,5.63,5.77,5.69,5.49,5.48,5.44,5.27,5.14,5.23,5.16,5.11,5.19,5.02,5.11,4.93,4.53,,,,,,,,,,,
54.5,,6.42,6.54,6.77,6.81,7.18,7.05,7.05,6.79,6.95,7.02,6.87,6.73,6.94,7.18,6.15,6.14,7.05,7.91,6.82,6.64,6.47,6.42,6.18,6.09,6.09,6.36,6.53,6.55,6.73,6.69,6.56,6.36,6.41,6.24,6.01,6.22,6.43,6.76,6.72,6.58,6.71,6.63,6.62,6.38,6.52,6.47,6.24,6.02,5.63,5.35,5.34,5.28,5.14,5.25,5.21,5.14,5.04,4.56,4.56,4.74,4.67,4.71,4.90,5.00,5.15,5.26,5.03,5.15,5.56,5.53,5.66,5.71,5.63,5.77,5.69,5.50,5.48,5.44,5.27,5.14,5.23,5.16,5.11,5.19,5.03,5.12,4.94,4.53,,,,,,,,,,,
55.0,,6.42,6.54,6.77,6.81,7.18,7.05,7.05,6.79,6.95,7.02,6.87,6.73,6.93,7.18,6.14,6.14,7.05,7.91,6.82,6.64,6.47,6.42,6.18,6.09,6.09,6.36,6.53,6.56,6.73,6.69,6.57,6.37,6.42,6.24,6.01,6.22,6.44,6.76,6.72,6.58,6.71,6.64,6.62,6.38,6.52,6.48,6.24,6.02,5.63,5.35,5.34,5.28,5.14,5.25,5.21,5.14,5.04,4.56,4.57,4.75,4.67,4.71,4.90,5.01,5.15,5.26,5.03,5.15,5.56,5.53,5.66,5.71,5.63,5.78,5.70,5.50,5.48,5.44,5.28,5.14,5.23,5.16,5.11,5.19,5.03,5.12,4.94,4.53,,,,,,,,,,,
55.5,,6.42,6.54,6.77,6.81,7.18,7.05,7.05,6.79,6.95,7.02,6.87,6.73,6.92,7.17,6.14,6.14,7.05,7.91,6.81,6.63,6.47,6.42,6.18,6.09,6.09,6.36,6.54,6.56,6.73,6.69,6.57,6.37,6.42,6.24,6.02,6.22,6.44,6.77,6.73,6.58,6.72,6.64,6.62,6.38,6.52,6.48,6.25,6.02,5.63,5.35,5.34,5.28,5.14,5.25,5.22,5.14,5.04,4.56,4.57,4.75,4.67,4.71,4.91,5.01,5.16,5.27,5.04,5.16,5.57,5.53,5.67,5.72,5.63,5.78,5.70,5.50,5.49,5.44,5.28,5.14,5.23,5.17,5.12,5.20,5.03,5.12,4.94,4.53,,,,,,,,,,,
56.0,,6.42,6.54,6.77,6.81,7.18,7.05,7.05,6.79,6.95,7.02,6.87,6.73,6.92,7.17,6.14,6.13,7.05,7.91,6.81,6.63,6.47,6.42,6.18,6.09,6.09,6.36,6.54,6.56,6.73,6.70,6.57,6.37,6.42,6.24,6.02,6.23,6.44,6.77,6.73,6.59,6.72,6.64,6.63,6.39,6.53,6.48,6.25,6.03,5.63,5.35,5.34,5.28,5.15,5.25,5.22,5.14,5.05,4.56,4.57,4.75,4.68,4.72,4.91,5.01,5.16,5.27,5.04,5.16,5.57,5.54,5.67,5.72,5.63,5.78,5.70,5.50,5.49,5.45,5.28,5.15,5.24,5.17,5.12,5.20,5.03,5.13,4.95,4.54,,,,,,,,,,,
56.5,,6.42,6.54,6.78,6.82,7.19,7.06,7.05,6.79,6.96,7.02,6.87,6.72,6.91,7.16,6.13,6.13,7.05,7.91,6.81,6.63,6.47,6.42,6.18,6.09,6.09,6.37,6.54,6.56,6.73,6.70,6.57,6.37,6.42,6.25,6.02,6.23,6.45,6.78,6.73,6.59,6.72,6.65,6.63,6.39,6.53,6.49,6.25,6.03,5.64,5.35,5.34,5.28,5.15,5.26,5.22,5.15,5.05,4.56,4.57,4.75,4.68,4.72,4.91,5.01,5.16,5.27,5.04,5.16,5.57,5.54,5.67,5.72,5.63,5.78,5.70,5.50,5.49,5.45,5.28,5.15,5.24,5.17,5.12,5.20,5.04,5.13,4.95,4.54,,,,,,,,,,,
57.0,,6.43,6.54,6.78,6.82,7.19,7.06,7.05,6.79,6.96,7.02,6.87,6.72,6.91,7.16,6.13,6.13,7.05,7.92,6.81,6.63,6.47,6.42,6.18,6.09,6.09,6.37,6.54,6.56,6.73,6.70,6.57,6.37,6.42,6.25,6.02,6.23,6.45,6.78,6.74,6.59,6.73,6.65,6.63,6.39,6.53,6.49,6.26,6.03,5.64,5.36,5.35,5.28,5.15,5.26,5.22,5.15,5.05,4.57,4.57,4.75,4.68,4.72,4.91,5.02,5.16,5.27,5.04,5.16,5.57,5.54,5.67,5.72,5.64,5.78,5.70,5.50,5.49,5.45,5.28,5.15,5.24,5.17,5.13,5.20,5.04,5.13,4.95,4.54,,,,,,,,,,,
57.5,,6.43,6.54,6.78,6.82,7.19,7.06,7.06,6.79,6.96,7.02,6.86,6.72,6.90,7.16,6.13,6.12,7.04,7.92,6.81,6.62,6.47,6.42,6.18,6.09,6.09,6.37,6.54,6.56,6.74,6.70,6.58,6.38,6.43,6.25,6.02,6.24,6.46,6.78,6.74,6.59,6.73,6.65,6.64,6.40,6.54,6.49,6.26,6.04,5.64,5.36,5.35,5.29,5.15,5.26,5.22,5.15,5.05,4.57,4.57,4.75,4.68,4.72,4.92,5.02,5.17,5.28,5.05,5.17,5.58,5.54,5.67,5.72,5.64,5.79,5.71,5.51,5.50,5.45,5.29,5.15,5.24,5.18,5.13,5.21,5.04,5.13,4.95,4.54,,,,,,,,,,,
58.0,,6.43,6.54,6.78,6.82,7.19,7.06,7.06,6.79,6.96,7.02,6.86,6.72,6.89,7.15,6.12,6.12,7.04,7.92,6.81,6.62,6.47,6.42,6.18,6.09,6.09,6.37,6.54,6.56,6.74,6.70,6.58,6.38,6.43,6.25,6.03,6.24,6.46,6.79,6.74,6.60,6.73,6.66,6.64,6.40,6.54,6.50,6.27,6.04,5.64,5.36,5.35,5.29,5.15,5.26,5.22,5.15,5.05,4.57,4.57,4.75,4.68,4.72,4.92,5.02,5.17,5.28,5.05,5.17,5.58,5.54,5.67,5.72,5.64,5.79,5.71,5.51,5.50,5.45,5.29,5.16,5.25,5.18,5.13,5.21,5.05,5.14,4.96,4.55,,,,,,,,,,,
58.5,,6.43,6.55,6.78,6.82,7.19,7.06,7.06,6.80,6.96,7.02,6.86,6.71,6.89,7.15,6.12,6.12,7.04,7.92,6.80,6.62,6.46,6.42,6.18,6.09,6.09,6.37,6.54,6.57,6.74,6.71,6.58,6.38,6.43,6.26,6.03,6.24,6.46,6.79,6.75,6.60,6.74,6.66,6.64,6.40,6.54,6.50,6.27,6.05,5.64,5.36,5.35,5.29,5.15,5.26,5.22,5.15,5.05,4.57,4.57,4.75,4.68,4.73,4.92,5.02,5.17,5.28,5.05,5.17,5.58,5.54,5.68,5.73,5.64,5.79,5.71,5.51,5.50,5.46,5.29,5.16,5.25,5.18,5.13,5.21,5.05,5.14,4.96,4.55,,,,,,,,,,,
59.0,,6.43,6.55,6.78,6.82,7.20,7.06,7.06,6.80,6.96,7.02,6.86,6.71,6.88,7.14,6.12,6.12,7.04,7.92,6.80,6.62,6.46,6.42,6.18,6.09,6.09,6.37,6.55,6.57,6.74,6.71,6.58,6.38,6.43,6.26,6.03,6.25,6.47,6.80,6.75,6.60,6.74,6.66,6.64,6.40,6.55,6.50,6.27,6.05,5.65,5.36,5.35,5.29,5.15,5.26,5.22,5.15,5.06,4.57,4.57,4.76,4.68,4.73,4.92,5.02,5.17,5.28,5.05,5.17,5.58,5.55,5.68,5.73,5.64,5.79,5.71,5.51,5.50,5.46,5.29,5.16,5.25,5.18,5.14,5.21,5.05,5.14,4.96,4.55,,,,,,,,,,,
59.5,,6.43,6.55,6.78,6.83,7.20,7.06,7.06,6.80,6.96,7.02,6.86,6.71,6.88,7.14,6.11,6.11,7.04,7.92,6.80,6.62,6.46,6.41,6.18,6.09,6.09,6.37,6.55,6.57,6.74,6.71,6.58,6.38,6.43,6.26,6.03,6.25,6.47,6.80,6.75,6.60,6.74,6.66,6.65,6.41,6.55,6.50,6.28,6.05,5.65,5.36,5.35,5.29,5.15,5.26,5.23,5.16,5.06,4.57,4.57,4.76,4.69,4.73,4.93,5.03,5.17,5.29,5.06,5.18,5.58,5.55,5.68,5.73,5.65,5.79,5.71,5.51,5.50,5.46,5.30,5.16,5.25,5.19,5.14,5.22,5.05,5.14,4.96,4.55,,,,,,,,,,,
60.0,,6.43,6.55,6.78,6.83,7.20,7.06,7.06,6.80,6.96,7.02,6.86,6.71,6.87,7.14,6.11,6.11,7.04,7.92,6.80,6.61,6.46,6.41,6.18,6.09,6.09,6.37,6.55,6.57,6.74,6.71,6.58,6.38,6.44,6.26,6.04,6.25,6.47,6.80,6.76,6.61,6.74,6.67,6.65,6.41,6.55,6.51,6.28,6.06,5.65,5.36,5.35,5.29,5.15,5.26,5.23,5.16,5.06,4.57,4.57,4.76,4.69,4.73,4.93,5.03,5.18,5.29,5.06,5.18,5.59,5.55,5.68,5.73,5.65,5.80,5.71,5.51,5.51,5.46,5.30,5.16,5.26,5.19,5.14,5.22,5.05,5.15,4.97,4.55,,,,,,,,,,,
60.5,,6.43,6.55,6.79,6.83,7.20,7.06,7.06,6.80,6.96,7.02,6.86,6.70,6.87,7.13,6.11,6.11,7.04,7.92,6.80,6.61,6.46,6.41,6.18,6.09,6.09,6.38,6.55,6.57,6.74,6.71,6.59,6.39,6.44,6.26,6.04,6.26,6.48,6.81,6.76,6.61,6.75,6.67,6.65,6.41,6.56,6.51,6.28,6.06,5.65,5.37,5.36,5.29,5.16,5.26,5.23,5.16,5.06,4.57,4.57,4.76,4.69,4.73,4.93,5.03,5.18,5.29,5.06,5.18,5.59,5.55,5.68,5.73,5.65,5.80,5.72,5.52,5.51,5.47,5.30,5.17,5.26,5.19,5.14,5.22,5.06,5.15,4.97,4.56,,,,,,,,,,,
61.0,,6.43,6.55,6.79,6.83,7.20,7.06,7.06,6.80,6.96,7.02,6.86,6.70,6.86,7.13,6.10,6.11,7.04,7.92,6.80,6.61,6.46,6.41,6.17,6.09,6.09,6.38,6.55,6.57,6.75,6.71,6.59,6.39,6.44,6.27,6.04,6.26,6.48,6.81,6.76,6.61,6.75,6.67,6.66,6.41,6.56,6.51,6.29,6.06,5.65,5.37,5.36,5.30,5.16,5.27,5.23,5.16,5.06,4.57,4.58,4.76,4.69,4.74,4.93,5.03,5.18,5.29,5.06,5.18,5.59,5.55,5.68,5.73,5.65,5.80,5.72,5.52,5.51,5.47,5.30,5.17,5.26,5.19,5.14,5.22,5.06,5.15,4.97,4.56,,,,,,,,,,,
61.5,,6.43,6.55,6.79,6.83,7.20,7.07,7.07,6.80,6.96,7.02,6.86,6.70,6.86,7.13,6.10,6.10,7.04,7.92,6.80,6.61,6.46,6.41,6.17,6.09,6.1,6.38,6.55,6.57,6.75,6.72,6.59,6.39,6.44,6.27,6.04,6.26,6.48,6.81,6.76,6.61,6.75,6.67,6.66,6.42,6.56,6.52,6.29,6.07,5.66,5.37,5.36,5.30,5.16,5.27,5.23,5.16,5.07,4.57,4.58,4.76,4.69,4.74,4.93,5.03,5.18,5.30,5.07,5.19,5.59,5.55,5.68,5.73,5.65,5.80,5.72,5.52,5.51,5.47,5.30,5.17,5.26,5.19,5.15,5.22,5.06,5.15,4.97,4.56,,,,,,,,,,,
62.0,,6.43,6.55,6.79,6.83,7.21,7.07,7.07,6.80,6.96,7.02,6.86,6.70,6.85,7.12,6.10,6.10,7.04,7.93,6.79,6.61,6.46,6.41,6.17,6.09,6.1,6.38,6.55,6.58,6.75,6.72,6.59,6.39,6.44,6.27,6.04,6.26,6.49,6.82,6.77,6.62,6.75,6.68,6.66,6.42,6.56,6.52,6.29,6.07,5.66,5.37,5.36,5.30,5.16,5.27,5.23,5.16,5.07,4.58,4.58,4.76,4.69,4.74,4.94,5.03,5.18,5.30,5.07,5.19,5.59,5.55,5.69,5.74,5.65,5.80,5.72,5.52,5.51,5.47,5.30,5.17,5.26,5.20,5.15,5.23,5.06,5.16,4.97,4.56,,,,,,,,,,,
62.5,,6.43,6.55,6.79,6.83,7.21,7.07,7.07,6.80,6.96,7.02,6.86,6.70,6.85,7.12,6.09,6.10,7.04,7.93,6.79,6.61,6.46,6.41,6.17,6.09,6.1,6.38,6.55,6.58,6.75,6.72,6.59,6.39,6.45,6.27,6.05,6.27,6.49,6.82,6.77,6.62,6.76,6.68,6.66,6.42,6.57,6.52,6.30,6.07,5.66,5.37,5.36,5.30,5.16,5.27,5.23,5.16,5.07,4.58,4.58,4.76,4.69,4.74,4.94,5.04,5.19,5.30,5.07,5.19,5.60,5.56,5.69,5.74,5.66,5.80,5.72,5.52,5.51,5.47,5.31,5.17,5.27,5.20,5.15,5.23,5.07,5.16,4.98,4.56,,,,,,,,,,,
63.0,,6.43,6.55,6.79,6.84,7.21,7.07,7.07,6.80,6.96,7.02,6.86,6.69,6.85,7.12,6.09,6.10,7.04,7.93,6.79,6.60,6.45,6.41,6.17,6.09,6.1,6.38,6.55,6.58,6.75,6.72,6.59,6.39,6.45,6.27,6.05,6.27,6.49,6.83,6.77,6.62,6.76,6.68,6.67,6.42,6.57,6.52,6.30,6.07,5.66,5.37,5.36,5.30,5.16,5.27,5.23,5.17,5.07,4.58,4.58,4.77,4.70,4.74,4.94,5.04,5.19,5.30,5.07,5.19,5.60,5.56,5.69,5.74,5.66,5.81,5.72,5.52,5.52,5.48,5.31,5.18,5.27,5.20,5.15,5.23,5.07,5.16,4.98,4.56,,,,,,,,,,,
63.5,,6.43,6.56,6.79,6.84,7.21,7.07,7.07,6.80,6.96,7.02,6.86,6.69,6.84,7.11,6.09,6.09,7.04,7.93,6.79,6.60,6.45,6.41,6.17,6.09,6.1,6.38,6.56,6.58,6.75,6.72,6.59,6.39,6.45,6.28,6.05,6.27,6.49,6.83,6.78,6.62,6.76,6.68,6.67,6.43,6.57,6.53,6.30,6.08,5.66,5.37,5.36,5.30,5.16,5.27,5.23,5.17,5.07,4.58,4.58,4.77,4.70,4.74,4.94,5.04,5.19,5.30,5.07,5.19,5.60,5.56,5.69,5.74,5.66,5.81,5.72,5.52,5.52,5.48,5.31,5.18,5.27,5.20,5.16,5.23,5.07,5.16,4.98,4.57,,,,,,,,,,,
64.0,,6.44,6.56,6.79,6.84,7.21,7.07,7.07,6.80,6.96,7.02,6.86,6.69,6.84,7.11,6.09,6.09,7.04,7.93,6.79,6.60,6.45,6.41,6.17,6.09,6.1,6.38,6.56,6.58,6.75,6.72,6.60,6.40,6.45,6.28,6.05,6.27,6.50,6.83,6.78,6.63,6.76,6.69,6.67,6.43,6.58,6.53,6.31,6.08,5.67,5.37,5.37,5.30,5.16,5.27,5.23,5.17,5.07,4.58,4.58,4.77,4.70,4.75,4.94,5.04,5.19,5.31,5.08,5.20,5.60,5.56,5.69,5.74,5.66,5.81,5.73,5.53,5.52,5.48,5.31,5.18,5.27,5.20,5.16,5.24,5.07,5.17,4.98,4.57,,,,,,,,,,,
64.5,,6.44,6.56,6.79,6.84,7.22,7.07,7.07,6.80,6.96,7.02,6.86,6.69,6.83,7.11,6.08,6.09,7.04,7.93,6.79,6.60,6.45,6.41,6.17,6.09,6.1,6.38,6.56,6.58,6.76,6.73,6.60,6.40,6.45,6.28,6.05,6.28,6.50,6.84,6.78,6.63,6.77,6.69,6.67,6.43,6.58,6.53,6.31,6.08,5.67,5.38,5.37,5.30,5.16,5.27,5.24,5.17,5.07,4.58,4.58,4.77,4.70,4.75,4.95,5.04,5.19,5.31,5.08,5.20,5.60,5.56,5.69,5.74,5.66,5.81,5.73,5.53,5.52,5.48,5.31,5.18,5.27,5.21,5.16,5.24,5.07,5.17,4.98,4.57,,,,,,,,,,,
65.0,,6.44,6.56,6.80,6.84,7.22,7.07,7.07,6.80,6.96,7.02,6.86,6.69,6.83,7.10,6.08,6.09,7.04,7.93,6.79,6.60,6.45,6.41,6.17,6.09,6.1,6.38,6.56,6.58,6.76,6.73,6.60,6.40,6.45,6.28,6.06,6.28,6.50,6.84,6.78,6.63,6.77,6.69,6.67,6.43,6.58,6.53,6.31,6.09,5.67,5.38,5.37,5.31,5.16,5.27,5.24,5.17,5.08,4.58,4.58,4.77,4.70,4.75,4.95,5.05,5.19,5.31,5.08,5.20,5.61,5.56,5.69,5.74,5.66,5.81,5.73,5.53,5.52,5.48,5.32,5.18,5.28,5.21,5.16,5.24,5.08,5.17,4.99,4.57,,,,,,,,,,,
65.5,,6.44,6.56,6.80,6.84,7.22,7.07,7.08,6.80,6.96,7.02,6.86,6.68,6.82,7.10,6.08,6.08,7.04,7.93,6.78,6.60,6.45,6.41,6.17,6.09,6.1,6.38,6.56,6.58,6.76,6.73,6.60,6.40,6.46,6.28,6.06,6.28,6.51,6.84,6.79,6.63,6.77,6.69,6.68,6.44,6.58,6.54,6.31,6.09,5.67,5.38,5.37,5.31,5.16,5.27,5.24,5.17,5.08,4.58,4.58,4.77,4.70,4.75,4.95,5.05,5.20,5.31,5.08,5.20,5.61,5.56,5.69,5.74,5.66,5.81,5.73,5.53,5.52,5.48,5.32,5.18,5.28,5.21,5.16,5.24,5.08,5.17,4.99,4.57,,,,,,,,,,,
66.0,,6.44,6.56,6.80,6.84,7.22,7.07,7.08,6.80,6.96,7.02,6.86,6.68,6.82,7.10,6.08,6.08,7.04,7.93,6.78,6.59,6.45,6.41,6.17,6.09,6.1,6.39,6.56,6.58,6.76,6.73,6.60,6.40,6.46,6.28,6.06,6.28,6.51,6.85,6.79,6.63,6.77,6.70,6.68,6.44,6.59,6.54,6.32,6.09,5.67,5.38,5.37,5.31,5.17,5.28,5.24,5.17,5.08,4.58,4.58,4.77,4.70,4.75,4.95,5.05,5.20,5.31,5.08,5.20,5.61,5.56,5.70,5.75,5.67,5.82,5.73,5.53,5.53,5.49,5.32,5.19,5.28,5.21,5.17,5.24,5.08,5.17,4.99,4.58,,,,,,,,,,,
66.5,,6.44,6.56,6.80,6.84,7.22,7.07,7.08,6.80,6.96,7.02,6.85,6.68,6.81,7.09,6.07,6.08,7.04,7.93,6.78,6.59,6.45,6.41,6.17,6.09,6.1,6.39,6.56,6.59,6.76,6.73,6.60,6.40,6.46,6.29,6.06,6.29,6.51,6.85,6.79,6.64,6.77,6.70,6.68,6.44,6.59,6.54,6.32,6.09,5.67,5.38,5.37,5.31,5.17,5.28,5.24,5.18,5.08,4.58,4.58,4.77,4.70,4.75,4.95,5.05,5.20,5.32,5.09,5.20,5.61,5.57,5.70,5.75,5.67,5.82,5.73,5.53,5.53,5.49,5.32,5.19,5.28,5.21,5.17,5.25,5.08,5.18,4.99,4.58,,,,,,,,,,,
67.0,,6.44,6.56,6.80,6.85,7.22,7.07,7.08,6.80,6.96,7.02,6.85,6.68,6.81,7.09,6.07,6.08,7.04,7.93,6.78,6.59,6.45,6.41,6.17,6.09,6.1,6.39,6.56,6.59,6.76,6.73,6.60,6.40,6.46,6.29,6.06,6.29,6.51,6.85,6.79,6.64,6.78,6.70,6.68,6.44,6.59,6.54,6.32,6.10,5.68,5.38,5.37,5.31,5.17,5.28,5.24,5.18,5.08,4.58,4.58,4.77,4.71,4.75,4.95,5.05,5.20,5.32,5.09,5.21,5.61,5.57,5.70,5.75,5.67,5.82,5.73,5.53,5.53,5.49,5.32,5.19,5.28,5.22,5.17,5.25,5.08,5.18,4.99,4.58,,,,,,,,,,,
67.5,,6.44,6.56,6.80,6.85,7.22,7.08,7.08,6.80,6.96,7.02,6.85,6.68,6.81,7.09,6.07,6.08,7.03,7.93,6.78,6.59,6.45,6.41,6.17,6.09,6.1,6.39,6.56,6.59,6.76,6.73,6.60,6.41,6.46,6.29,6.06,6.29,6.52,6.85,6.80,6.64,6.78,6.70,6.69,6.44,6.59,6.55,6.33,6.10,5.68,5.38,5.37,5.31,5.17,5.28,5.24,5.18,5.08,4.59,4.58,4.78,4.71,4.76,4.96,5.05,5.20,5.32,5.09,5.21,5.61,5.57,5.70,5.75,5.67,5.82,5.73,5.53,5.53,5.49,5.32,5.19,5.28,5.22,5.17,5.25,5.09,5.18,5.00,4.58,,,,,,,,,,,
68.0,,6.44,6.56,6.80,6.85,7.23,7.08,7.08,6.80,6.96,7.02,6.85,6.68,6.80,7.09,6.06,6.07,7.03,7.93,6.78,6.59,6.44,6.41,6.17,6.09,6.1,6.39,6.57,6.59,6.76,6.74,6.61,6.41,6.46,6.29,6.07,6.29,6.52,6.86,6.80,6.64,6.78,6.70,6.69,6.45,6.60,6.55,6.33,6.10,5.68,5.38,5.37,5.31,5.17,5.28,5.24,5.18,5.08,4.59,4.59,4.78,4.71,4.76,4.96,5.05,5.20,5.32,5.09,5.21,5.62,5.57,5.70,5.75,5.67,5.82,5.74,5.54,5.53,5.49,5.33,5.19,5.29,5.22,5.17,5.25,5.09,5.18,5.00,4.58,,,,,,,,,,,
68.5,,6.44,6.56,6.80,6.85,7.23,7.08,7.08,6.80,6.96,7.02,6.85,6.67,6.80,7.08,6.06,6.07,7.03,7.94,6.78,6.59,6.44,6.4,6.17,6.09,6.1,6.39,6.57,6.59,6.76,6.74,6.61,6.41,6.47,6.29,6.07,6.30,6.52,6.86,6.80,6.64,6.78,6.71,6.69,6.45,6.60,6.55,6.33,6.10,5.68,5.39,5.38,5.31,5.17,5.28,5.24,5.18,5.09,4.59,4.59,4.78,4.71,4.76,4.96,5.06,5.21,5.32,5.09,5.21,5.62,5.57,5.70,5.75,5.67,5.82,5.74,5.54,5.53,5.49,5.33,5.19,5.29,5.22,5.18,5.25,5.09,5.18,5.00,4.58,,,,,,,,,,,
69.0,,6.44,6.56,6.80,6.85,7.23,7.08,7.08,6.80,6.96,7.02,6.85,6.67,6.80,7.08,6.06,6.07,7.03,7.94,6.78,6.58,6.44,6.4,6.17,6.09,6.1,6.39,6.57,6.59,6.77,6.74,6.61,6.41,6.47,6.29,6.07,6.30,6.52,6.86,6.80,6.65,6.79,6.71,6.69,6.45,6.60,6.55,6.33,6.11,5.68,5.39,5.38,5.31,5.17,5.28,5.24,5.18,5.09,4.59,4.59,4.78,4.71,4.76,4.96,5.06,5.21,5.33,5.09,5.21,5.62,5.57,5.70,5.75,5.67,5.82,5.74,5.54,5.53,5.50,5.33,5.20,5.29,5.22,5.18,5.25,5.09,5.19,5.00,4.58,,,,,,,,,,,
69.5,,6.44,6.57,6.80,6.85,7.23,7.08,7.08,6.80,6.96,7.02,6.85,6.67,6.79,7.08,6.06,6.07,7.03,7.94,6.77,6.58,6.44,6.4,6.17,6.09,6.1,6.39,6.57,6.59,6.77,6.74,6.61,6.41,6.47,6.30,6.07,6.30,6.53,6.87,6.81,6.65,6.79,6.71,6.69,6.45,6.60,6.56,6.34,6.11,5.68,5.39,5.38,5.32,5.17,5.28,5.24,5.18,5.09,4.59,4.59,4.78,4.71,4.76,4.96,5.06,5.21,5.33,5.10,5.22,5.62,5.57,5.70,5.75,5.67,5.83,5.74,5.54,5.54,5.50,5.33,5.20,5.29,5.22,5.18,5.26,5.09,5.19,5.00,4.59,,,,,,,,,,,
70.0,,6.44,6.57,6.81,6.85,7.23,7.08,7.09,6.80,6.96,7.02,6.85,6.67,6.79,7.07,6.06,6.07,7.03,7.94,6.77,6.58,6.44,6.4,6.17,6.09,6.1,6.39,6.57,6.59,6.77,6.74,6.61,6.41,6.47,6.30,6.07,6.30,6.53,6.87,6.81,6.65,6.79,6.71,6.70,6.45,6.60,6.56,6.34,6.11,5.68,5.39,5.38,5.32,5.17,5.28,5.25,5.18,5.09,4.59,4.59,4.78,4.71,4.76,4.96,5.06,5.21,5.33,5.10,5.22,5.62,5.57,5.70,5.75,5.68,5.83,5.74,5.54,5.54,5.50,5.33,5.20,5.29,5.23,5.18,5.26,5.09,5.19,5.00,4.59,,,,,,,,,,,
70.5,,6.44,6.57,6.81,6.85,7.23,7.08,7.09,6.80,6.96,7.02,6.85,6.67,6.78,7.07,6.05,6.06,7.03,7.94,6.77,6.58,6.44,6.4,6.17,6.09,6.1,6.39,6.57,6.59,6.77,6.74,6.61,6.41,6.47,6.30,6.07,6.30,6.53,6.87,6.81,6.65,6.79,6.71,6.70,6.46,6.61,6.56,6.34,6.11,5.69,5.39,5.38,5.32,5.17,5.28,5.25,5.18,5.09,4.59,4.59,4.78,4.71,4.76,4.97,5.06,5.21,5.33,5.10,5.22,5.62,5.57,5.71,5.76,5.68,5.83,5.74,5.54,5.54,5.50,5.33,5.20,5.29,5.23,5.18,5.26,5.10,5.19,5.01,4.59,,,,,,,,,,,
71.0,,6.44,6.57,6.81,6.85,7.23,7.08,7.09,6.80,6.96,7.02,6.85,6.67,6.78,7.07,6.05,6.06,7.03,7.94,6.77,6.58,6.44,6.4,6.17,6.09,6.1,6.39,6.57,6.60,6.77,6.74,6.61,6.41,6.47,6.30,6.07,6.31,6.53,6.87,6.81,6.65,6.79,6.72,6.70,6.46,6.61,6.56,6.34,6.12,5.69,5.39,5.38,5.32,5.17,5.28,5.25,5.19,5.09,4.59,4.59,4.78,4.71,4.77,4.97,5.06,5.21,5.33,5.10,5.22,5.63,5.58,5.71,5.76,5.68,5.83,5.74,5.54,5.54,5.50,5.33,5.20,5.30,5.23,5.18,5.26,5.10,5.19,5.01,4.59,,,,,,,,,,,
71.5,,6.44,6.57,6.81,6.86,7.24,7.08,7.09,6.80,6.96,7.02,6.85,6.66,6.78,7.07,6.05,6.06,7.03,7.94,6.77,6.58,6.44,6.4,6.17,6.09,6.1,6.39,6.57,6.60,6.77,6.74,6.61,6.42,6.47,6.30,6.08,6.31,6.54,6.88,6.81,6.66,6.79,6.72,6.70,6.46,6.61,6.56,6.35,6.12,5.69,5.39,5.38,5.32,5.17,5.28,5.25,5.19,5.09,4.59,4.59,4.78,4.72,4.77,4.97,5.06,5.22,5.33,5.10,5.22,5.63,5.58,5.71,5.76,5.68,5.83,5.74,5.54,5.54,5.50,5.34,5.20,5.30,5.23,5.19,5.26,5.10,5.19,5.01,4.59,,,,,,,,,,,
72.0,,6.44,6.57,6.81,6.86,7.24,7.08,7.09,6.80,6.96,7.02,6.85,6.66,6.77,7.06,6.05,6.06,7.03,7.94,6.77,6.58,6.44,6.4,6.17,6.09,6.1,6.40,6.57,6.60,6.77,6.75,6.62,6.42,6.48,6.30,6.08,6.31,6.54,6.88,6.82,6.66,6.80,6.72,6.70,6.46,6.61,6.57,6.35,6.12,5.69,5.39,5.38,5.32,5.18,5.28,5.25,5.19,5.09,4.59,4.59,4.78,4.72,4.77,4.97,5.07,5.22,5.34,5.10,5.22,5.63,5.58,5.71,5.76,5.68,5.83,5.75,5.54,5.54,5.50,5.34,5.20,5.30,5.23,5.19,5.26,5.10,5.20,5.01,4.59,,,,,,,,,,,
72.5,,6.44,6.57,6.81,6.86,7.24,7.08,7.09,6.80,6.96,7.02,6.85,6.66,6.77,7.06,6.04,6.06,7.03,7.94,6.77,6.57,6.44,6.4,6.17,6.09,6.1,6.40,6.57,6.60,6.77,6.75,6.62,6.42,6.48,6.30,6.08,6.31,6.54,6.88,6.82,6.66,6.80,6.72,6.71,6.46,6.61,6.57,6.35,6.12,5.69,5.39,5.38,5.32,5.18,5.29,5.25,5.19,5.10,4.59,4.59,4.78,4.72,4.77,4.97,5.07,5.22,5.34,5.11,5.22,5.63,5.58,5.71,5.76,5.68,5.83,5.75,5.55,5.54,5.51,5.34,5.21,5.30,5.23,5.19,5.27,5.10,5.20,5.01,4.59,,,,,,,,,,,
73.0,,6.45,6.57,6.81,6.86,7.24,7.08,7.09,6.80,6.96,7.02,6.85,6.66,6.77,7.06,6.04,6.06,7.03,7.94,6.77,6.57,6.44,6.4,6.17,6.09,6.1,6.40,6.57,6.60,6.77,6.75,6.62,6.42,6.48,6.31,6.08,6.31,6.54,6.88,6.82,6.66,6.80,6.72,6.71,6.46,6.62,6.57,6.35,6.13,5.69,5.39,5.39,5.32,5.18,5.29,5.25,5.19,5.10,4.59,4.59,4.78,4.72,4.77,4.97,5.07,5.22,5.34,5.11,5.23,5.63,5.58,5.71,5.76,5.68,5.84,5.75,5.55,5.55,5.51,5.34,5.21,5.30,5.24,5.19,5.27,5.10,5.20,5.01,4.60,,,,,,,,,,,
73.5,,6.45,6.57,6.81,6.86,7.24,7.08,7.09,6.80,6.96,7.02,6.85,6.66,6.76,7.06,6.04,6.05,7.03,7.94,6.77,6.57,6.44,6.4,6.17,6.09,6.1,6.40,6.57,6.60,6.78,6.75,6.62,6.42,6.48,6.31,6.08,6.32,6.55,6.89,6.82,6.66,6.80,6.73,6.71,6.47,6.62,6.57,6.36,6.13,5.69,5.39,5.39,5.32,5.18,5.29,5.25,5.19,5.10,4.59,4.59,4.79,4.72,4.77,4.97,5.07,5.22,5.34,5.11,5.23,5.63,5.58,5.71,5.76,5.68,5.84,5.75,5.55,5.55,5.51,5.34,5.21,5.30,5.24,5.19,5.27,5.11,5.20,5.02,4.60,,,,,,,,,,,
74.0,,6.45,6.57,6.81,6.86,7.24,7.08,7.09,6.80,6.96,7.02,6.85,6.66,6.76,7.05,6.04,6.05,7.03,7.94,6.76,6.57,6.44,6.4,6.17,6.09,6.1,6.40,6.58,6.60,6.78,6.75,6.62,6.42,6.48,6.31,6.08,6.32,6.55,6.89,6.82,6.66,6.80,6.73,6.71,6.47,6.62,6.57,6.36,6.13,5.70,5.40,5.39,5.32,5.18,5.29,5.25,5.19,5.10,4.59,4.59,4.79,4.72,4.77,4.98,5.07,5.22,5.34,5.11,5.23,5.63,5.58,5.71,5.76,5.69,5.84,5.75,5.55,5.55,5.51,5.34,5.21,5.30,5.24,5.19,5.27,5.11,5.20,5.02,4.60,,,,,,,,,,,
74.5,,6.45,6.57,6.81,6.86,7.24,7.09,7.09,6.80,6.96,7.02,6.85,6.65,6.76,7.05,6.04,6.05,7.03,7.94,6.76,6.57,6.43,6.4,6.17,6.09,6.1,6.40,6.58,6.60,6.78,6.75,6.62,6.42,6.48,6.31,6.08,6.32,6.55,6.89,6.83,6.67,6.81,6.73,6.71,6.47,6.62,6.58,6.36,6.13,5.70,5.40,5.39,5.33,5.18,5.29,5.25,5.19,5.10,4.60,4.59,4.79,4.72,4.77,4.98,5.07,5.22,5.34,5.11,5.23,5.64,5.58,5.71,5.76,5.69,5.84,5.75,5.55,5.55,5.51,5.34,5.21,5.31,5.24,5.20,5.27,5.11,5.20,5.02,4.60,,,,,,,,,,,
75.0,,6.45,6.57,6.81,6.86,7.25,7.09,7.09,6.81,6.96,7.02,6.85,6.65,6.75,7.05,6.03,6.05,7.03,7.94,6.76,6.57,6.43,6.4,6.17,6.09,6.1,6.40,6.58,6.60,6.78,6.75,6.62,6.42,6.48,6.31,6.09,6.32,6.55,6.89,6.83,6.67,6.81,6.73,6.71,6.47,6.62,6.58,6.36,6.13,5.70,5.40,5.39,5.33,5.18,5.29,5.25,5.19,5.10,4.60,4.59,4.79,4.72,4.77,4.98,5.07,5.23,5.35,5.11,5.23,5.64,5.58,5.71,5.76,5.69,5.84,5.75,5.55,5.55,5.51,5.34,5.21,5.31,5.24,5.20,5.27,5.11,5.21,5.02,4.60,,,,,,,,,,,
75.5,,6.45,6.57,6.82,6.86,7.25,7.09,7.10,6.81,6.96,7.02,6.85,6.65,6.75,7.05,6.03,6.05,7.03,7.94,6.76,6.57,6.43,6.4,6.17,6.09,6.1,6.40,6.58,6.60,6.78,6.75,6.62,6.42,6.48,6.31,6.09,6.32,6.55,6.90,6.83,6.67,6.81,6.73,6.72,6.47,6.63,6.58,6.37,6.14,5.70,5.40,5.39,5.33,5.18,5.29,5.25,5.19,5.10,4.60,4.59,4.79,4.72,4.78,4.98,5.07,5.23,5.35,5.12,5.23,5.64,5.58,5.72,5.77,5.69,5.84,5.75,5.55,5.55,5.51,5.35,5.21,5.31,5.24,5.20,5.27,5.11,5.21,5.02,4.60,,,,,,,,,,,
76.0,,6.45,6.57,6.82,6.86,7.25,7.09,7.10,6.81,6.96,7.02,6.85,6.65,6.75,7.04,6.03,6.04,7.03,7.94,6.76,6.57,6.43,6.4,6.17,6.09,6.1,6.40,6.58,6.60,6.78,6.76,6.62,6.43,6.49,6.31,6.09,6.33,6.56,6.90,6.83,6.67,6.81,6.73,6.72,6.48,6.63,6.58,6.37,6.14,5.70,5.40,5.39,5.33,5.18,5.29,5.25,5.20,5.10,4.60,4.59,4.79,4.72,4.78,4.98,5.08,5.23,5.35,5.12,5.23,5.64,5.59,5.72,5.77,5.69,5.84,5.75,5.55,5.55,5.52,5.35,5.21,5.31,5.24,5.20,5.28,5.11,5.21,5.02,4.60,,,,,,,,,,,
76.5,,6.45,6.57,6.82,6.87,7.25,7.09,7.10,6.81,6.96,7.02,6.85,6.65,6.74,7.04,6.03,6.04,7.03,7.95,6.76,6.56,6.43,6.4,6.17,6.09,6.1,6.40,6.58,6.61,6.78,6.76,6.62,6.43,6.49,6.32,6.09,6.33,6.56,6.90,6.83,6.67,6.81,6.74,6.72,6.48,6.63,6.58,6.37,6.14,5.70,5.40,5.39,5.33,5.18,5.29,5.25,5.20,5.10,4.60,4.60,4.79,4.72,4.78,4.98,5.08,5.23,5.35,5.12,5.24,5.64,5.59,5.72,5.77,5.69,5.84,5.75,5.55,5.55,5.52,5.35,5.22,5.31,5.25,5.20,5.28,5.12,5.21,5.02,4.61,,,,,,,,,,,
77.0,,6.45,6.58,6.82,6.87,7.25,7.09,7.10,6.81,6.96,7.01,6.85,6.65,6.74,7.04,6.03,6.04,7.03,7.95,6.76,6.56,6.43,6.4,6.17,6.09,6.1,6.40,6.58,6.61,6.78,6.76,6.63,6.43,6.49,6.32,6.09,6.33,6.56,6.90,6.84,6.67,6.81,6.74,6.72,6.48,6.63,6.58,6.37,6.14,5.70,5.40,5.39,5.33,5.18,5.29,5.26,5.20,5.11,4.60,4.60,4.79,4.73,4.78,4.98,5.08,5.23,5.35,5.12,5.24,5.64,5.59,5.72,5.77,5.69,5.84,5.76,5.55,5.56,5.52,5.35,5.22,5.31,5.25,5.20,5.28,5.12,5.21,5.03,4.61,,,,,,,,,,,
77.5,,6.45,6.58,6.82,6.87,7.25,7.09,7.10,6.81,6.96,7.01,6.85,6.65,6.74,7.04,6.02,6.04,7.03,7.95,6.76,6.56,6.43,6.4,6.17,6.09,6.1,6.40,6.58,6.61,6.78,6.76,6.63,6.43,6.49,6.32,6.09,6.33,6.56,6.91,6.84,6.67,6.82,6.74,6.72,6.48,6.63,6.59,6.37,6.15,5.70,5.40,5.39,5.33,5.18,5.29,5.26,5.20,5.11,4.60,4.60,4.79,4.73,4.78,4.98,5.08,5.23,5.35,5.12,5.24,5.64,5.59,5.72,5.77,5.69,5.85,5.76,5.55,5.56,5.52,5.35,5.22,5.31,5.25,5.20,5.28,5.12,5.21,5.03,4.61,,,,,,,,,,,
78.0,,6.45,6.58,6.82,6.87,7.25,7.09,7.10,6.81,6.96,7.01,6.85,6.65,6.73,7.04,6.02,6.04,7.03,7.95,6.76,6.56,6.43,6.4,6.17,6.09,6.1,6.40,6.58,6.61,6.78,6.76,6.63,6.43,6.49,6.32,6.09,6.33,6.57,6.91,6.84,6.68,6.82,6.74,6.72,6.48,6.64,6.59,6.38,6.15,5.71,5.40,5.39,5.33,5.18,5.29,5.26,5.20,5.11,4.60,4.60,4.79,4.73,4.78,4.99,5.08,5.23,5.35,5.12,5.24,5.64,5.59,5.72,5.77,5.69,5.85,5.76,5.56,5.56,5.52,5.35,5.22,5.32,5.25,5.21,5.28,5.12,5.21,5.03,4.61,,,,,,,,,,,
78.5,,6.45,6.58,6.82,6.87,7.25,7.09,7.10,6.81,6.96,7.01,6.85,6.64,6.73,7.03,6.02,6.04,7.03,7.95,6.76,6.56,6.43,6.4,6.17,6.10,6.1,6.40,6.58,6.61,6.78,6.76,6.63,6.43,6.49,6.32,6.1,6.33,6.57,6.91,6.84,6.68,6.82,6.74,6.73,6.48,6.64,6.59,6.38,6.15,5.71,5.40,5.40,5.33,5.18,5.29,5.26,5.20,5.11,4.60,4.60,4.79,4.73,4.78,4.99,5.08,5.23,5.36,5.12,5.24,5.65,5.59,5.72,5.77,5.69,5.85,5.76,5.56,5.56,5.52,5.35,5.22,5.32,5.25,5.21,5.28,5.12,5.22,5.03,4.61,,,,,,,,,,,
79.0,,6.45,6.58,6.82,6.87,7.25,7.09,7.10,6.81,6.96,7.01,6.84,6.64,6.73,7.03,6.02,6.04,7.03,7.95,6.76,6.56,6.43,6.4,6.16,6.10,6.11,6.40,6.58,6.61,6.79,6.76,6.63,6.43,6.49,6.32,6.1,6.34,6.57,6.91,6.84,6.68,6.82,6.74,6.73,6.48,6.64,6.59,6.38,6.15,5.71,5.40,5.40,5.33,5.18,5.29,5.26,5.20,5.11,4.60,4.60,4.79,4.73,4.78,4.99,5.08,5.24,5.36,5.13,5.24,5.65,5.59,5.72,5.77,5.70,5.85,5.76,5.56,5.56,5.52,5.35,5.22,5.32,5.25,5.21,5.28,5.12,5.22,5.03,4.61,,,,,,,,,,,
79.5,,6.45,6.58,6.82,6.87,7.26,7.09,7.10,6.81,6.96,7.01,6.84,6.64,6.73,7.03,6.02,6.03,7.03,7.95,6.75,6.56,6.43,6.4,6.16,6.10,6.11,6.41,6.58,6.61,6.79,6.76,6.63,6.43,6.49,6.32,6.1,6.34,6.57,6.92,6.84,6.68,6.82,6.75,6.73,6.49,6.64,6.59,6.38,6.15,5.71,5.41,5.40,5.33,5.18,5.30,5.26,5.20,5.11,4.60,4.60,4.79,4.73,4.78,4.99,5.08,5.24,5.36,5.13,5.24,5.65,5.59,5.72,5.77,5.70,5.85,5.76,5.56,5.56,5.52,5.36,5.22,5.32,5.25,5.21,5.29,5.12,5.22,5.03,4.61,,,,,,,,,,,
80.0,,6.45,6.58,6.82,6.87,7.26,7.09,7.10,6.81,6.96,7.01,6.84,6.64,6.72,7.03,6.01,6.03,7.03,7.95,6.75,6.56,6.43,6.39,6.16,6.10,6.11,6.41,6.58,6.61,6.79,6.76,6.63,6.43,6.50,6.32,6.1,6.34,6.57,6.92,6.85,6.68,6.82,6.75,6.73,6.49,6.64,6.59,6.38,6.15,5.71,5.41,5.40,5.33,5.19,5.30,5.26,5.20,5.11,4.60,4.60,4.80,4.73,4.79,4.99,5.08,5.24,5.36,5.13,5.25,5.65,5.59,5.72,5.77,5.70,5.85,5.76,5.56,5.56,5.53,5.36,5.22,5.32,5.26,5.21,5.29,5.12,5.22,5.03,4.61,,,,,,,,,,,
80.5,,6.45,6.58,6.82,6.87,7.26,7.09,7.10,6.81,6.96,7.01,6.84,6.64,6.72,7.03,6.01,6.03,7.03,7.95,6.75,6.56,6.43,6.39,6.16,6.10,6.11,6.41,6.59,6.61,6.79,6.76,6.63,6.43,6.50,6.32,6.1,6.34,6.57,6.92,6.85,6.68,6.82,6.75,6.73,6.49,6.64,6.60,6.39,6.16,5.71,5.41,5.40,5.34,5.19,5.30,5.26,5.20,5.11,4.60,4.60,4.80,4.73,4.79,4.99,5.09,5.24,5.36,5.13,5.25,5.65,5.59,5.72,5.77,5.70,5.85,5.76,5.56,5.56,5.53,5.36,5.22,5.32,5.26,5.21,5.29,5.13,5.22,5.04,4.61,,,,,,,,,,,
81.0,,6.45,6.58,6.82,6.87,7.26,7.09,7.10,6.81,6.96,7.01,6.84,6.64,6.72,7.02,6.01,6.03,7.03,7.95,6.75,6.55,6.43,6.39,6.16,6.10,6.11,6.41,6.59,6.61,6.79,6.77,6.63,6.43,6.50,6.33,6.1,6.34,6.58,6.92,6.85,6.68,6.83,6.75,6.73,6.49,6.65,6.60,6.39,6.16,5.71,5.41,5.40,5.34,5.19,5.30,5.26,5.20,5.11,4.60,4.60,4.80,4.73,4.79,4.99,5.09,5.24,5.36,5.13,5.25,5.65,5.59,5.72,5.78,5.70,5.85,5.76,5.56,5.56,5.53,5.36,5.23,5.32,5.26,5.21,5.29,5.13,5.22,5.04,4.62,,,,,,,,,,,
81.5,,6.45,6.58,6.82,6.87,7.26,7.09,7.11,6.81,6.96,7.01,6.84,6.64,6.71,7.02,6.01,6.03,7.03,7.95,6.75,6.55,6.43,6.39,6.16,6.10,6.11,6.41,6.59,6.61,6.79,6.77,6.63,6.44,6.50,6.33,6.1,6.34,6.58,6.92,6.85,6.69,6.83,6.75,6.74,6.49,6.65,6.60,6.39,6.16,5.71,5.41,5.40,5.34,5.19,5.30,5.26,5.21,5.11,4.60,4.60,4.80,4.73,4.79,4.99,5.09,5.24,5.36,5.13,5.25,5.65,5.59,5.72,5.78,5.70,5.85,5.76,5.56,5.56,5.53,5.36,5.23,5.32,5.26,5.22,5.29,5.13,5.22,5.04,4.62,,,,,,,,,,,
82.0,,6.45,6.58,6.82,6.87,7.26,7.09,7.11,6.81,6.96,7.01,6.84,6.64,6.71,7.02,6.01,6.03,7.03,7.95,6.75,6.55,6.42,6.39,6.16,6.10,6.11,6.41,6.59,6.61,6.79,6.77,6.63,6.44,6.50,6.33,6.1,6.35,6.58,6.93,6.85,6.69,6.83,6.75,6.74,6.49,6.65,6.60,6.39,6.16,5.71,5.41,5.40,5.34,5.19,5.30,5.26,5.21,5.12,4.60,4.60,4.80,4.73,4.79,5.00,5.09,5.24,5.36,5.13,5.25,5.65,5.60,5.73,5.78,5.70,5.86,5.76,5.56,5.57,5.53,5.36,5.23,5.33,5.26,5.22,5.29,5.13,5.23,5.04,4.62,,,,,,,,,,,
82.5,,6.45,6.58,6.83,6.88,7.26,7.09,7.11,6.81,6.96,7.01,6.84,6.63,6.71,7.02,6.01,6.03,7.02,7.95,6.75,6.55,6.42,6.39,6.16,6.10,6.11,6.41,6.59,6.61,6.79,6.77,6.64,6.44,6.50,6.33,6.1,6.35,6.58,6.93,6.85,6.69,6.83,6.75,6.74,6.49,6.65,6.60,6.39,6.16,5.72,5.41,5.40,5.34,5.19,5.30,5.26,5.21,5.12,4.60,4.60,4.80,4.73,4.79,5.00,5.09,5.24,5.37,5.13,5.25,5.66,5.60,5.73,5.78,5.70,5.86,5.77,5.56,5.57,5.53,5.36,5.23,5.33,5.26,5.22,5.29,5.13,5.23,5.04,4.62,,,,,,,,,,,
83.0,,6.45,6.58,6.83,6.88,7.26,7.10,7.11,6.81,6.96,7.01,6.84,6.63,6.71,7.02,6.00,6.02,7.02,7.95,6.75,6.55,6.42,6.39,6.16,6.10,6.11,6.41,6.59,6.61,6.79,6.77,6.64,6.44,6.50,6.33,6.11,6.35,6.58,6.93,6.86,6.69,6.83,6.76,6.74,6.50,6.65,6.60,6.39,6.17,5.72,5.41,5.40,5.34,5.19,5.30,5.26,5.21,5.12,4.61,4.60,4.80,4.74,4.79,5.00,5.09,5.24,5.37,5.14,5.25,5.66,5.60,5.73,5.78,5.70,5.86,5.77,5.56,5.57,5.53,5.36,5.23,5.33,5.26,5.22,5.29,5.13,5.23,5.04,4.62,,,,,,,,,,,
83.5,,6.45,6.58,6.83,6.88,7.26,7.10,7.11,6.81,6.96,7.01,6.84,6.63,6.70,7.01,6.00,6.02,7.02,7.95,6.75,6.55,6.42,6.39,6.16,6.10,6.11,6.41,6.59,6.62,6.79,6.77,6.64,6.44,6.50,6.33,6.11,6.35,6.59,6.93,6.86,6.69,6.83,6.76,6.74,6.50,6.65,6.61,6.40,6.17,5.72,5.41,5.40,5.34,5.19,5.30,5.26,5.21,5.12,4.61,4.60,4.80,4.74,4.79,5.00,5.09,5.25,5.37,5.14,5.25,5.66,5.60,5.73,5.78,5.70,5.86,5.77,5.57,5.57,5.53,5.36,5.23,5.33,5.26,5.22,5.30,5.13,5.23,5.04,4.62,,,,,,,,,,,
84.0,,6.45,6.58,6.83,6.88,7.26,7.10,7.11,6.81,6.96,7.01,6.84,6.63,6.70,7.01,6.00,6.02,7.02,7.95,6.75,6.55,6.42,6.39,6.16,6.10,6.11,6.41,6.59,6.62,6.79,6.77,6.64,6.44,6.50,6.33,6.11,6.35,6.59,6.93,6.86,6.69,6.83,6.76,6.74,6.50,6.66,6.61,6.40,6.17,5.72,5.41,5.40,5.34,5.19,5.30,5.26,5.21,5.12,4.61,4.60,4.80,4.74,4.79,5.00,5.09,5.25,5.37,5.14,5.26,5.66,5.60,5.73,5.78,5.70,5.86,5.77,5.57,5.57,5.53,5.37,5.23,5.33,5.27,5.22,5.30,5.13,5.23,5.04,4.62,,,,,,,,,,,
84.5,,6.45,6.58,6.83,6.88,7.27,7.10,7.11,6.81,6.96,7.01,6.84,6.63,6.70,7.01,6.00,6.02,7.02,7.95,6.75,6.55,6.42,6.39,6.16,6.10,6.11,6.41,6.59,6.62,6.79,6.77,6.64,6.44,6.50,6.33,6.11,6.35,6.59,6.94,6.86,6.69,6.84,6.76,6.74,6.50,6.66,6.61,6.40,6.17,5.72,5.41,5.40,5.34,5.19,5.30,5.26,5.21,5.12,4.61,4.60,4.80,4.74,4.79,5.00,5.09,5.25,5.37,5.14,5.26,5.66,5.60,5.73,5.78,5.71,5.86,5.77,5.57,5.57,5.53,5.37,5.23,5.33,5.27,5.22,5.30,5.14,5.23,5.05,4.62,,,,,,,,,,,
85.0,,6.46,6.58,6.83,6.88,7.27,7.10,7.11,6.81,6.96,7.01,6.84,6.63,6.70,7.01,6.00,6.02,7.02,7.95,6.75,6.55,6.42,6.39,6.16,6.10,6.11,6.41,6.59,6.62,6.79,6.77,6.64,6.44,6.51,6.33,6.11,6.36,6.59,6.94,6.86,6.70,6.84,6.76,6.75,6.50,6.66,6.61,6.40,6.17,5.72,5.41,5.41,5.34,5.19,5.30,5.27,5.21,5.12,4.61,4.60,4.80,4.74,4.80,5.00,5.09,5.25,5.37,5.14,5.26,5.66,5.60,5.73,5.78,5.71,5.86,5.77,5.57,5.57,5.54,5.37,5.23,5.33,5.27,5.22,5.30,5.14,5.23,5.05,4.62,,,,,,,,,,,
85.5,,6.46,6.58,6.83,6.88,7.27,7.10,7.11,6.81,6.96,7.01,6.84,6.63,6.69,7.01,6.00,6.02,7.02,7.95,6.74,6.55,6.42,6.39,6.16,6.10,6.11,6.41,6.59,6.62,6.80,6.77,6.64,6.44,6.51,6.34,6.11,6.36,6.59,6.94,6.86,6.70,6.84,6.76,6.75,6.50,6.66,6.61,6.40,6.17,5.72,5.41,5.41,5.34,5.19,5.30,5.27,5.21,5.12,4.61,4.60,4.80,4.74,4.80,5.00,5.10,5.25,5.37,5.14,5.26,5.66,5.60,5.73,5.78,5.71,5.86,5.77,5.57,5.57,5.54,5.37,5.24,5.33,5.27,5.23,5.30,5.14,5.23,5.05,4.63,,,,,,,,,,,
86.0,,6.46,6.59,6.83,6.88,7.27,7.10,7.11,6.81,6.96,7.01,6.84,6.63,6.69,7.00,5.99,6.02,7.02,7.95,6.74,6.54,6.42,6.39,6.16,6.10,6.11,6.41,6.59,6.62,6.80,6.77,6.64,6.44,6.51,6.34,6.11,6.36,6.59,6.94,6.87,6.70,6.84,6.76,6.75,6.50,6.66,6.61,6.41,6.18,5.72,5.41,5.41,5.34,5.19,5.30,5.27,5.21,5.12,4.61,4.60,4.80,4.74,4.80,5.00,5.10,5.25,5.37,5.14,5.26,5.66,5.60,5.73,5.78,5.71,5.86,5.77,5.57,5.57,5.54,5.37,5.24,5.33,5.27,5.23,5.30,5.14,5.24,5.05,4.63,,,,,,,,,,,
86.5,,6.46,6.59,6.83,6.88,7.27,7.10,7.11,6.81,6.96,7.01,6.84,6.63,6.69,7.00,5.99,6.02,7.02,7.96,6.74,6.54,6.42,6.39,6.16,6.10,6.11,6.41,6.59,6.62,6.80,6.78,6.64,6.44,6.51,6.34,6.11,6.36,6.60,6.94,6.87,6.70,6.84,6.77,6.75,6.51,6.66,6.61,6.41,6.18,5.72,5.42,5.41,5.34,5.19,5.30,5.27,5.21,5.12,4.61,4.60,4.80,4.74,4.80,5.01,5.10,5.25,5.38,5.14,5.26,5.66,5.60,5.73,5.78,5.71,5.86,5.77,5.57,5.57,5.54,5.37,5.24,5.34,5.27,5.23,5.30,5.14,5.24,5.05,4.63,,,,,,,,,,,
87.0,,6.46,6.59,6.83,6.88,7.27,7.10,7.11,6.81,6.96,7.01,6.84,6.62,6.69,7.00,5.99,6.01,7.02,7.96,6.74,6.54,6.42,6.39,6.16,6.10,6.11,6.41,6.59,6.62,6.80,6.78,6.64,6.44,6.51,6.34,6.11,6.36,6.60,6.94,6.87,6.70,6.84,6.77,6.75,6.51,6.66,6.62,6.41,6.18,5.73,5.42,5.41,5.34,5.19,5.30,5.27,5.21,5.12,4.61,4.60,4.80,4.74,4.80,5.01,5.10,5.25,5.38,5.14,5.26,5.66,5.60,5.73,5.78,5.71,5.86,5.77,5.57,5.58,5.54,5.37,5.24,5.34,5.27,5.23,5.30,5.14,5.24,5.05,4.63,,,,,,,,,,,
87.5,,6.46,6.59,6.83,6.88,7.27,7.10,7.11,6.81,6.96,7.01,6.84,6.62,6.68,7.00,5.99,6.01,7.02,7.96,6.74,6.54,6.42,6.39,6.16,6.10,6.11,6.41,6.59,6.62,6.80,6.78,6.64,6.45,6.51,6.34,6.11,6.36,6.60,6.95,6.87,6.70,6.84,6.77,6.75,6.51,6.67,6.62,6.41,6.18,5.73,5.42,5.41,5.35,5.19,5.30,5.27,5.21,5.13,4.61,4.60,4.81,4.74,4.80,5.01,5.10,5.25,5.38,5.15,5.26,5.67,5.60,5.73,5.78,5.71,5.87,5.77,5.57,5.58,5.54,5.37,5.24,5.34,5.27,5.23,5.31,5.14,5.24,5.05,4.63,,,,,,,,,,,
88.0,,6.46,6.59,6.83,6.88,7.27,7.10,7.11,6.81,6.96,7.01,6.84,6.62,6.68,7.00,5.99,6.01,7.02,7.96,6.74,6.54,6.42,6.39,6.16,6.10,6.11,6.41,6.59,6.62,6.80,6.78,6.64,6.45,6.51,6.34,6.12,6.36,6.60,6.95,6.87,6.70,6.84,6.77,6.75,6.51,6.67,6.62,6.41,6.18,5.73,5.42,5.41,5.35,5.19,5.30,5.27,5.22,5.13,4.61,4.61,4.81,4.74,4.80,5.01,5.10,5.25,5.38,5.15,5.26,5.67,5.60,5.73,5.79,5.71,5.87,5.77,5.57,5.58,5.54,5.37,5.24,5.34,5.27,5.23,5.31,5.14,5.24,5.05,4.63,,,,,,,,,,,
88.5,,6.46,6.59,6.83,6.88,7.27,7.10,7.11,6.81,6.96,7.01,6.84,6.62,6.68,7.00,5.99,6.01,7.02,7.96,6.74,6.54,6.42,6.39,6.16,6.10,6.11,6.42,6.60,6.62,6.80,6.78,6.64,6.45,6.51,6.34,6.12,6.36,6.60,6.95,6.87,6.70,6.85,6.77,6.75,6.51,6.67,6.62,6.41,6.18,5.73,5.42,5.41,5.35,5.19,5.30,5.27,5.22,5.13,4.61,4.61,4.81,4.74,4.80,5.01,5.10,5.26,5.38,5.15,5.26,5.67,5.61,5.73,5.79,5.71,5.87,5.77,5.57,5.58,5.54,5.37,5.24,5.34,5.28,5.23,5.31,5.15,5.24,5.05,4.63,,,,,,,,,,,
89.0,,6.46,6.59,6.83,6.88,7.27,7.10,7.12,6.81,6.96,7.01,6.84,6.62,6.68,6.99,5.99,6.01,7.02,7.96,6.74,6.54,6.42,6.39,6.16,6.10,6.11,6.42,6.60,6.62,6.80,6.78,6.65,6.45,6.51,6.34,6.12,6.37,6.60,6.95,6.87,6.70,6.85,6.77,6.76,6.51,6.67,6.62,6.41,6.18,5.73,5.42,5.41,5.35,5.20,5.31,5.27,5.22,5.13,4.61,4.61,4.81,4.74,4.80,5.01,5.10,5.26,5.38,5.15,5.27,5.67,5.61,5.74,5.79,5.71,5.87,5.78,5.57,5.58,5.54,5.37,5.24,5.34,5.28,5.23,5.31,5.15,5.24,5.06,4.63,,,,,,,,,,,
89.5,,6.46,6.59,6.83,6.89,7.27,7.10,7.12,6.81,6.96,7.01,6.84,6.62,6.67,6.99,5.98,6.01,7.02,7.96,6.74,6.54,6.42,6.39,6.16,6.10,6.11,6.42,6.60,6.62,6.80,6.78,6.65,6.45,6.51,6.34,6.12,6.37,6.60,6.95,6.88,6.71,6.85,6.77,6.76,6.51,6.67,6.62,6.42,6.19,5.73,5.42,5.41,5.35,5.20,5.31,5.27,5.22,5.13,4.61,4.61,4.81,4.74,4.80,5.01,5.10,5.26,5.38,5.15,5.27,5.67,5.61,5.74,5.79,5.71,5.87,5.78,5.57,5.58,5.54,5.38,5.24,5.34,5.28,5.23,5.31,5.15,5.24,5.06,4.63,,,,,,,,,,,
90.0,,6.46,6.59,6.83,6.89,7.28,7.10,7.12,6.81,6.96,7.01,6.84,6.62,6.67,6.99,5.98,6.01,7.02,7.96,6.74,6.54,6.42,6.39,6.16,6.10,6.11,6.42,6.60,6.62,6.80,6.78,6.65,6.45,6.51,6.34,6.12,6.37,6.61,6.95,6.88,6.71,6.85,6.77,6.76,6.51,6.67,6.62,6.42,6.19,5.73,5.42,5.41,5.35,5.20,5.31,5.27,5.22,5.13,4.61,4.61,4.81,4.75,4.80,5.01,5.10,5.26,5.38,5.15,5.27,5.67,5.61,5.74,5.79,5.71,5.87,5.78,5.57,5.58,5.55,5.38,5.24,5.34,5.28,5.24,5.31,5.15,5.25,5.06,4.63,,,,,,,,,,,
90.5,,6.46,6.59,6.83,6.89,7.28,7.10,7.12,6.81,6.96,7.01,6.84,6.62,6.67,6.99,5.98,6.01,7.02,7.96,6.74,6.54,6.42,6.39,6.16,6.10,6.11,6.42,6.60,6.62,6.80,6.78,6.65,6.45,6.52,6.34,6.12,6.37,6.61,6.96,6.88,6.71,6.85,6.78,6.76,6.51,6.67,6.63,6.42,6.19,5.73,5.42,5.41,5.35,5.20,5.31,5.27,5.22,5.13,4.61,4.61,4.81,4.75,4.80,5.01,5.10,5.26,5.38,5.15,5.27,5.67,5.61,5.74,5.79,5.71,5.87,5.78,5.58,5.58,5.55,5.38,5.24,5.34,5.28,5.24,5.31,5.15,5.25,5.06,4.63,,,,,,,,,,,
91.0,,6.46,6.59,6.84,6.89,7.28,7.10,7.12,6.81,6.96,7.01,6.84,6.62,6.67,6.99,5.98,6.00,7.02,7.96,6.74,6.54,6.41,6.39,6.16,6.10,6.11,6.42,6.60,6.63,6.80,6.78,6.65,6.45,6.52,6.35,6.12,6.37,6.61,6.96,6.88,6.71,6.85,6.78,6.76,6.52,6.68,6.63,6.42,6.19,5.73,5.42,5.41,5.35,5.20,5.31,5.27,5.22,5.13,4.61,4.61,4.81,4.75,4.81,5.01,5.10,5.26,5.39,5.15,5.27,5.67,5.61,5.74,5.79,5.72,5.87,5.78,5.58,5.58,5.55,5.38,5.25,5.34,5.28,5.24,5.31,5.15,5.25,5.06,4.64,,,,,,,,,,,
91.5,,6.46,6.59,6.84,6.89,7.28,7.10,7.12,6.81,6.96,7.01,6.84,6.62,6.67,6.99,5.98,6.00,7.02,7.96,6.74,6.53,6.41,6.39,6.16,6.10,6.11,6.42,6.60,6.63,6.80,6.78,6.65,6.45,6.52,6.35,6.12,6.37,6.61,6.96,6.88,6.71,6.85,6.78,6.76,6.52,6.68,6.63,6.42,6.19,5.73,5.42,5.41,5.35,5.20,5.31,5.27,5.22,5.13,4.61,4.61,4.81,4.75,4.81,5.01,5.11,5.26,5.39,5.15,5.27,5.67,5.61,5.74,5.79,5.72,5.87,5.78,5.58,5.58,5.55,5.38,5.25,5.35,5.28,5.24,5.31,5.15,5.25,5.06,4.64,,,,,,,,,,,
92.0,,6.46,6.59,6.84,6.89,7.28,7.10,7.12,6.81,6.96,7.01,6.84,6.61,6.66,6.98,5.98,6.00,7.02,7.96,6.74,6.53,6.41,6.39,6.16,6.10,6.11,6.42,6.60,6.63,6.80,6.78,6.65,6.45,6.52,6.35,6.12,6.37,6.61,6.96,6.88,6.71,6.85,6.78,6.76,6.52,6.68,6.63,6.42,6.19,5.73,5.42,5.41,5.35,5.20,5.31,5.27,5.22,5.13,4.61,4.61,4.81,4.75,4.81,5.02,5.11,5.26,5.39,5.16,5.27,5.67,5.61,5.74,5.79,5.72,5.87,5.78,5.58,5.58,5.55,5.38,5.25,5.35,5.28,5.24,5.31,5.15,5.25,5.06,4.64,,,,,,,,,,,
92.5,,6.46,6.59,6.84,6.89,7.28,7.10,7.12,6.81,6.96,7.01,6.84,6.61,6.66,6.98,5.98,6.00,7.02,7.96,6.74,6.53,6.41,6.39,6.16,6.10,6.11,6.42,6.60,6.63,6.80,6.78,6.65,6.45,6.52,6.35,6.12,6.38,6.61,6.96,6.88,6.71,6.86,6.78,6.76,6.52,6.68,6.63,6.43,6.20,5.73,5.42,5.42,5.35,5.20,5.31,5.27,5.22,5.13,4.61,4.61,4.81,4.75,4.81,5.02,5.11,5.26,5.39,5.16,5.27,5.67,5.61,5.74,5.79,5.72,5.87,5.78,5.58,5.58,5.55,5.38,5.25,5.35,5.28,5.24,5.32,5.15,5.25,5.06,4.64,,,,,,,,,,,
93.0,,6.46,6.59,6.84,6.89,7.28,7.10,7.12,6.81,6.96,7.01,6.84,6.61,6.66,6.98,5.97,6.00,7.02,7.96,6.73,6.53,6.41,6.39,6.16,6.10,6.11,6.42,6.60,6.63,6.81,6.79,6.65,6.45,6.52,6.35,6.13,6.38,6.61,6.96,6.88,6.71,6.86,6.78,6.76,6.52,6.68,6.63,6.43,6.20,5.74,5.42,5.42,5.35,5.20,5.31,5.27,5.22,5.13,4.62,4.61,4.81,4.75,4.81,5.02,5.11,5.26,5.39,5.16,5.27,5.68,5.61,5.74,5.79,5.72,5.87,5.78,5.58,5.59,5.55,5.38,5.25,5.35,5.28,5.24,5.32,5.15,5.25,5.06,4.64,,,,,,,,,,,
93.5,,6.46,6.59,6.84,6.89,7.28,7.10,7.12,6.81,6.96,7.01,6.84,6.61,6.66,6.98,5.97,6.00,7.02,7.96,6.73,6.53,6.41,6.39,6.16,6.10,6.11,6.42,6.60,6.63,6.81,6.79,6.65,6.45,6.52,6.35,6.13,6.38,6.62,6.97,6.89,6.71,6.86,6.78,6.77,6.52,6.68,6.63,6.43,6.20,5.74,5.42,5.42,5.35,5.20,5.31,5.27,5.22,5.13,4.62,4.61,4.81,4.75,4.81,5.02,5.11,5.26,5.39,5.16,5.27,5.68,5.61,5.74,5.79,5.72,5.87,5.78,5.58,5.59,5.55,5.38,5.25,5.35,5.28,5.24,5.32,5.16,5.25,5.06,4.64,,,,,,,,,,,
94.0,,6.46,6.59,6.84,6.89,7.28,7.11,7.12,6.81,6.96,7.01,6.84,6.61,6.66,6.98,5.97,6.00,7.02,7.96,6.73,6.53,6.41,6.39,6.16,6.10,6.11,6.42,6.60,6.63,6.81,6.79,6.65,6.45,6.52,6.35,6.13,6.38,6.62,6.97,6.89,6.72,6.86,6.78,6.77,6.52,6.68,6.63,6.43,6.20,5.74,5.42,5.42,5.35,5.20,5.31,5.27,5.22,5.14,4.62,4.61,4.81,4.75,4.81,5.02,5.11,5.26,5.39,5.16,5.28,5.68,5.61,5.74,5.79,5.72,5.88,5.78,5.58,5.59,5.55,5.38,5.25,5.35,5.29,5.24,5.32,5.16,5.25,5.07,4.64,,,,,,,,,,,
94.5,,6.46,6.59,6.84,6.89,7.28,7.11,7.12,6.81,6.96,7.01,6.84,6.61,6.65,6.98,5.97,6.00,7.02,7.96,6.73,6.53,6.41,6.39,6.16,6.10,6.11,6.42,6.60,6.63,6.81,6.79,6.65,6.46,6.52,6.35,6.13,6.38,6.62,6.97,6.89,6.72,6.86,6.78,6.77,6.52,6.68,6.64,6.43,6.20,5.74,5.42,5.42,5.35,5.20,5.31,5.27,5.22,5.14,4.62,4.61,4.81,4.75,4.81,5.02,5.11,5.27,5.39,5.16,5.28,5.68,5.61,5.74,5.79,5.72,5.88,5.78,5.58,5.59,5.55,5.38,5.25,5.35,5.29,5.24,5.32,5.16,5.25,5.07,4.64,,,,,,,,,,,
95.0,,6.46,6.59,6.84,6.89,7.28,7.11,7.12,6.81,6.96,7.01,6.84,6.61,6.65,6.98,5.97,6.00,7.02,7.96,6.73,6.53,6.41,6.39,6.16,6.10,6.11,6.42,6.60,6.63,6.81,6.79,6.65,6.46,6.52,6.35,6.13,6.38,6.62,6.97,6.89,6.72,6.86,6.79,6.77,6.52,6.69,6.64,6.43,6.20,5.74,5.43,5.42,5.35,5.20,5.31,5.28,5.22,5.14,4.62,4.61,4.81,4.75,4.81,5.02,5.11,5.27,5.39,5.16,5.28,5.68,5.61,5.74,5.79,5.72,5.88,5.78,5.58,5.59,5.55,5.38,5.25,5.35,5.29,5.25,5.32,5.16,5.26,5.07,4.64,,,,,,,,,,,
95.5,,6.46,6.59,6.84,6.89,7.28,7.11,7.12,6.81,6.96,7.01,6.84,6.61,6.65,6.97,5.97,6.00,7.02,7.96,6.73,6.53,6.41,6.39,6.16,6.10,6.11,6.42,6.60,6.63,6.81,6.79,6.65,6.46,6.52,6.35,6.13,6.38,6.62,6.97,6.89,6.72,6.86,6.79,6.77,6.53,6.69,6.64,6.43,6.20,5.74,5.43,5.42,5.36,5.20,5.31,5.28,5.23,5.14,4.62,4.61,4.81,4.75,4.81,5.02,5.11,5.27,5.39,5.16,5.28,5.68,5.61,5.74,5.79,5.72,5.88,5.78,5.58,5.59,5.56,5.39,5.25,5.35,5.29,5.25,5.32,5.16,5.26,5.07,4.64,,,,,,,,,,,
96.0,,6.46,6.59,6.84,6.89,7.29,7.11,7.12,6.81,6.96,7.01,6.84,6.61,6.65,6.97,5.97,5.99,7.02,7.96,6.73,6.53,6.41,6.39,6.16,6.10,6.11,6.42,6.60,6.63,6.81,6.79,6.65,6.46,6.52,6.35,6.13,6.38,6.62,6.97,6.89,6.72,6.86,6.79,6.77,6.53,6.69,6.64,6.44,6.20,5.74,5.43,5.42,5.36,5.20,5.31,5.28,5.23,5.14,4.62,4.61,4.81,4.75,4.81,5.02,5.11,5.27,5.39,5.16,5.28,5.68,5.61,5.74,5.80,5.72,5.88,5.78,5.58,5.59,5.56,5.39,5.25,5.35,5.29,5.25,5.32,5.16,5.26,5.07,4.64,,,,,,,,,,,
96.5,,6.46,6.59,6.84,6.89,7.29,7.11,7.12,6.81,6.96,7.01,6.83,6.61,6.65,6.97,5.97,5.99,7.02,7.96,6.73,6.53,6.41,6.39,6.16,6.10,6.11,6.42,6.60,6.63,6.81,6.79,6.65,6.46,6.53,6.36,6.13,6.38,6.62,6.98,6.89,6.72,6.86,6.79,6.77,6.53,6.69,6.64,6.44,6.21,5.74,5.43,5.42,5.36,5.20,5.31,5.28,5.23,5.14,4.62,4.61,4.81,4.75,4.81,5.02,5.11,5.27,5.40,5.16,5.28,5.68,5.62,5.74,5.80,5.72,5.88,5.79,5.58,5.59,5.56,5.39,5.25,5.35,5.29,5.25,5.32,5.16,5.26,5.07,4.64,,,,,,,,,,,
97.0,,6.46,6.59,6.84,6.89,7.29,7.11,7.12,6.81,6.96,7.01,6.83,6.61,6.64,6.97,5.96,5.99,7.02,7.96,6.73,6.53,6.41,6.38,6.16,6.10,6.11,6.42,6.60,6.63,6.81,6.79,6.66,6.46,6.53,6.36,6.13,6.39,6.63,6.98,6.89,6.72,6.86,6.79,6.77,6.53,6.69,6.64,6.44,6.21,5.74,5.43,5.42,5.36,5.20,5.31,5.28,5.23,5.14,4.62,4.61,4.81,4.75,4.81,5.02,5.11,5.27,5.40,5.16,5.28,5.68,5.62,5.74,5.80,5.72,5.88,5.79,5.58,5.59,5.56,5.39,5.26,5.36,5.29,5.25,5.32,5.16,5.26,5.07,4.65,,,,,,,,,,,
97.5,,6.46,6.59,6.84,6.90,7.29,7.11,7.12,6.81,6.96,7.01,6.83,6.60,6.64,6.97,5.96,5.99,7.02,7.96,6.73,6.53,6.41,6.38,6.16,6.10,6.11,6.42,6.60,6.63,6.81,6.79,6.66,6.46,6.53,6.36,6.13,6.39,6.63,6.98,6.90,6.72,6.87,6.79,6.77,6.53,6.69,6.64,6.44,6.21,5.74,5.43,5.42,5.36,5.20,5.31,5.28,5.23,5.14,4.62,4.61,4.82,4.75,4.81,5.02,5.11,5.27,5.40,5.17,5.28,5.68,5.62,5.75,5.80,5.72,5.88,5.79,5.58,5.59,5.56,5.39,5.26,5.36,5.29,5.25,5.32,5.16,5.26,5.07,4.65,,,,,,,,,,,
98.0,,6.46,6.60,6.84,6.90,7.29,7.11,7.13,6.81,6.96,7.01,6.83,6.60,6.64,6.97,5.96,5.99,7.02,7.96,6.73,6.52,6.41,6.38,6.16,6.10,6.11,6.42,6.61,6.63,6.81,6.79,6.66,6.46,6.53,6.36,6.13,6.39,6.63,6.98,6.90,6.72,6.87,6.79,6.78,6.53,6.69,6.64,6.44,6.21,5.74,5.43,5.42,5.36,5.20,5.31,5.28,5.23,5.14,4.62,4.61,4.82,4.75,4.82,5.03,5.12,5.27,5.40,5.17,5.28,5.68,5.62,5.75,5.80,5.72,5.88,5.79,5.58,5.59,5.56,5.39,5.26,5.36,5.29,5.25,5.33,5.16,5.26,5.07,4.65,,,,,,,,,,,
98.5,,6.46,6.60,6.84,6.90,7.29,7.11,7.13,6.81,6.96,7.01,6.83,6.60,6.64,6.97,5.96,5.99,7.02,7.96,6.73,6.52,6.41,6.38,6.16,6.10,6.11,6.42,6.61,6.63,6.81,6.79,6.66,6.46,6.53,6.36,6.13,6.39,6.63,6.98,6.90,6.72,6.87,6.79,6.78,6.53,6.69,6.64,6.44,6.21,5.74,5.43,5.42,5.36,5.20,5.31,5.28,5.23,5.14,4.62,4.61,4.82,4.76,4.82,5.03,5.12,5.27,5.40,5.17,5.28,5.68,5.62,5.75,5.80,5.73,5.88,5.79,5.59,5.59,5.56,5.39,5.26,5.36,5.29,5.25,5.33,5.16,5.26,5.07,4.65,,,,,,,,,,,
99.0,,6.46,6.60,6.84,6.90,7.29,7.11,7.13,6.81,6.96,7.01,6.83,6.60,6.64,6.96,5.96,5.99,7.02,7.96,6.73,6.52,6.41,6.38,6.16,6.10,6.11,6.42,6.61,6.63,6.81,6.79,6.66,6.46,6.53,6.36,6.13,6.39,6.63,6.98,6.90,6.72,6.87,6.79,6.78,6.53,6.69,6.65,6.44,6.21,5.75,5.43,5.42,5.36,5.20,5.31,5.28,5.23,5.14,4.62,4.61,4.82,4.76,4.82,5.03,5.12,5.27,5.40,5.17,5.28,5.69,5.62,5.75,5.80,5.73,5.88,5.79,5.59,5.59,5.56,5.39,5.26,5.36,5.29,5.25,5.33,5.17,5.26,5.07,4.65,,,,,,,,,,,
99.5,,6.46,6.60,6.84,6.90,7.29,7.11,7.13,6.81,6.96,7.01,6.83,6.60,6.63,6.96,5.96,5.99,7.02,7.96,6.73,6.52,6.41,6.38,6.16,6.10,6.11,6.43,6.61,6.63,6.81,6.79,6.66,6.46,6.53,6.36,6.14,6.39,6.63,6.98,6.90,6.73,6.87,6.79,6.78,6.53,6.70,6.65,6.44,6.21,5.75,5.43,5.42,5.36,5.20,5.31,5.28,5.23,5.14,4.62,4.61,4.82,4.76,4.82,5.03,5.12,5.27,5.40,5.17,5.28,5.69,5.62,5.75,5.80,5.73,5.88,5.79,5.59,5.59,5.56,5.39,5.26,5.36,5.30,5.25,5.33,5.17,5.26,5.07,4.65,,,,,,,,,,,
100.0,,6.46,6.60,6.84,6.90,7.29,7.11,7.13,6.81,6.96,7.01,6.83,6.60,6.63,6.96,5.96,5.99,7.02,7.97,6.73,6.52,6.41,6.38,6.16,6.10,6.11,6.43,6.61,6.63,6.81,6.79,6.66,6.46,6.53,6.36,6.14,6.39,6.63,6.99,6.90,6.73,6.87,6.80,6.78,6.53,6.70,6.65,6.45,6.21,5.75,5.43,5.42,5.36,5.20,5.31,5.28,5.23,5.14,4.62,4.61,4.82,4.76,4.82,5.03,5.12,5.27,5.40,5.17,5.29,5.69,5.62,5.75,5.80,5.73,5.88,5.79,5.59,5.60,5.56,5.39,5.26,5.36,5.30,5.25,5.33,5.17,5.26,5.08,4.65,,,,,,,,,,,